timestamp,signalId,gameId,signal
2025-11-01T21:14:02.336Z,signal:1762031596307:8wy17iv8b,0194b473-2ab3-778f-89ee-236e803f3c8e,25
2025-11-01T21:14:02.336Z,signal:1762031559383:83zz5od91,0194b473-2ab3-778f-89ee-236e803f3c8e,6
2025-11-01T21:14:02.336Z,signal:1762031522328:ulw3fh3h2,0194b473-2ab3-778f-89ee-236e803f3c8e,28
2025-11-01T21:14:02.336Z,signal:1762031486310:q8tmm23xw,0194b473-2ab3-778f-89ee-236e803f3c8e,18
2025-11-01T21:14:02.336Z,signal:1762031449496:wi8zvkicu,0194b473-2ab3-778f-89ee-236e803f3c8e,7
2025-11-01T21:14:02.336Z,signal:1762031390473:funqe4wx0,0194b473-2ab3-778f-89ee-236e803f3c8e,22
2025-11-01T21:14:02.336Z,signal:1762031350055:nxzhpddr6,0194b473-2ab3-778f-89ee-236e803f3c8e,32
2025-11-01T21:14:02.336Z,signal:1762031308327:1gfypfnlr,0194b473-2ab3-778f-89ee-236e803f3c8e,28
2025-11-01T21:14:02.336Z,signal:1762031267306:s1ez3hfzq,0194b473-2ab3-778f-89ee-236e803f3c8e,5
2025-11-01T21:14:02.336Z,signal:1762031226312:19df8m3mq,0194b473-2ab3-778f-89ee-236e803f3c8e,32
2025-11-01T21:14:06.829Z,signal:1762031634336:j27biyyig,0194b473-2ab3-778f-89ee-236e803f3c8e,3
2025-11-01T21:14:41.888Z,signal:1762031670453:npt9iu7lc,0194b473-2ab3-778f-89ee-236e803f3c8e,35
2025-11-01T21:15:16.950Z,signal:1762031705403:5cg8v9oi5,0194b473-2ab3-778f-89ee-236e803f3c8e,4
2025-11-01T21:15:57.021Z,signal:1762031745320:yg56qn0mz,0194b473-2ab3-778f-89ee-236e803f3c8e,8
2025-11-01T21:16:37.089Z,signal:1762031783313:onp58ft99,0194b473-2ab3-778f-89ee-236e803f3c8e,22
2025-11-01T21:17:12.149Z,signal:1762031822429:v7lrf2vki,0194b473-2ab3-778f-89ee-236e803f3c8e,31
2025-11-01T21:17:52.222Z,signal:1762031860311:z6zhdsso5,0194b473-2ab3-778f-89ee-236e803f3c8e,3
2025-11-01T21:18:32.294Z,signal:1762031899352:jpqog6jqy,0194b473-2ab3-778f-89ee-236e803f3c8e,14
2025-11-01T21:19:07.352Z,signal:1762031936420:5w7ao7q9n,0194b473-2ab3-778f-89ee-236e803f3c8e,36
2025-11-01T21:19:42.395Z,signal:1762031971295:188drfec6,0194b473-2ab3-778f-89ee-236e803f3c8e,2
2025-11-01T21:20:22.443Z,signal:1762032009507:azbgeifaj,0194b473-2ab3-778f-89ee-236e803f3c8e,21
2025-11-01T21:20:57.500Z,signal:1762032046316:bhky5wpcl,0194b473-2ab3-778f-89ee-236e803f3c8e,6
2025-11-01T21:21:32.578Z,signal:1762032082310:fzo3pc38u,0194b473-2ab3-778f-89ee-236e803f3c8e,26
2025-11-01T21:22:12.633Z,signal:1762032120343:cfsy828sz,0194b473-2ab3-778f-89ee-236e803f3c8e,25
2025-11-01T21:22:47.700Z,signal:1762032156295:7cqsm9feu,0194b473-2ab3-778f-89ee-236e803f3c8e,23
2025-11-01T21:23:27.754Z,signal:1762032194438:uf9gctomd,0194b473-2ab3-778f-89ee-236e803f3c8e,27
2025-11-01T21:23:57.789Z,signal:1762032228303:n31fg8iqd,0194b473-2ab3-778f-89ee-236e803f3c8e,9
2025-11-01T21:24:37.833Z,signal:1762032266345:l6bljal3o,0194b473-2ab3-778f-89ee-236e803f3c8e,4
2025-11-01T21:25:12.891Z,signal:1762032302314:ilf9yjg3s,0194b473-2ab3-778f-89ee-236e803f3c8e,9
2025-11-01T21:25:52.946Z,signal:1762032338795:cuy8zd58h,0194b473-2ab3-778f-89ee-236e803f3c8e,0
2025-11-01T21:26:28.001Z,signal:1762032375318:5jp13tcw3,0194b473-2ab3-778f-89ee-236e803f3c8e,27
2025-11-01T21:27:08.066Z,signal:1762032416308:ywk2dib1e,0194b473-2ab3-778f-89ee-236e803f3c8e,31
2025-11-01T21:27:48.138Z,signal:1762032455313:h5sbkn18x,0194b473-2ab3-778f-89ee-236e803f3c8e,33
2025-11-01T21:28:23.173Z,signal:1762032490335:kgjdngejj,0194b473-2ab3-778f-89ee-236e803f3c8e,23
2025-11-01T21:28:58.221Z,signal:1762032528435:i1v6t8wlv,0194b473-2ab3-778f-89ee-236e803f3c8e,12
2025-11-01T21:29:38.305Z,signal:1762032565315:qahe59g30,0194b473-2ab3-778f-89ee-236e803f3c8e,24
2025-11-01T21:30:13.373Z,signal:1762032603381:r83rp31i7,0194b473-2ab3-778f-89ee-236e803f3c8e,23
2025-11-01T21:30:53.400Z,signal:1762032641426:l4h3udvvo,0194b473-2ab3-778f-89ee-236e803f3c8e,9
2025-11-01T21:31:28.444Z,signal:1762032678292:7qiidlcjk,0194b473-2ab3-778f-89ee-236e803f3c8e,35
2025-11-01T21:32:08.503Z,signal:1762032714332:l7pzn33q5,0194b473-2ab3-778f-89ee-236e803f3c8e,23
2025-11-01T21:32:38.551Z,signal:1762032748438:xuf1hw8r8,0194b473-2ab3-778f-89ee-236e803f3c8e,18
2025-11-01T21:33:18.616Z,signal:1762032786050:i5nq43fu4,0194b473-2ab3-778f-89ee-236e803f3c8e,8
2025-11-01T21:33:53.678Z,signal:1762032822428:lz3ctxeax,0194b473-2ab3-778f-89ee-236e803f3c8e,9
2025-11-01T21:34:33.757Z,signal:1762032861283:5l156k581,0194b473-2ab3-778f-89ee-236e803f3c8e,0
2025-11-01T21:35:08.820Z,signal:1762032898443:tt6d1kvio,0194b473-2ab3-778f-89ee-236e803f3c8e,5
2025-11-01T21:35:43.864Z,signal:1762032934420:y5d6ds3y2,0194b473-2ab3-778f-89ee-236e803f3c8e,16
2025-11-01T21:36:23.931Z,signal:1762032971438:vaso09kve,0194b473-2ab3-778f-89ee-236e803f3c8e,28
2025-11-01T21:36:58.976Z,signal:1762033008301:51xbgvmrw,0194b473-2ab3-778f-89ee-236e803f3c8e,22
2025-11-01T21:37:34.030Z,signal:1762033044309:cnil6o6mt,0194b473-2ab3-778f-89ee-236e803f3c8e,2
2025-11-01T21:38:14.076Z,signal:1762033081314:gsoec513s,0194b473-2ab3-778f-89ee-236e803f3c8e,20
2025-11-01T21:38:49.120Z,signal:1762033117306:xmad99h6i,0194b473-2ab3-778f-89ee-236e803f3c8e,20
2025-11-01T21:39:29.199Z,signal:1762033155303:5t2jn6oii,0194b473-2ab3-778f-89ee-236e803f3c8e,19
2025-11-01T21:40:04.240Z,signal:1762033192291:7edqgpxl6,0194b473-2ab3-778f-89ee-236e803f3c8e,20
2025-11-01T21:40:39.305Z,signal:1762033228316:lg7cn0fc5,0194b473-2ab3-778f-89ee-236e803f3c8e,0
2025-11-01T21:41:19.358Z,signal:1762033265320:uynjm6yd8,0194b473-2ab3-778f-89ee-236e803f3c8e,20
2025-11-01T21:41:54.419Z,signal:1762033303842:gh9m9c1dt,0194b473-2ab3-778f-89ee-236e803f3c8e,25
2025-11-01T21:43:04.510Z,signal:1762033370459:zj4kx7fvo,0194b473-2ab3-778f-89ee-236e803f3c8e,25
2025-11-01T21:43:39.575Z,signal:1762033406291:qhz9w18bj,0194b473-2ab3-778f-89ee-236e803f3c8e,7
2025-11-01T21:44:14.642Z,signal:1762033441329:bbt3oxkzo,0194b473-2ab3-778f-89ee-236e803f3c8e,34
2025-11-01T21:44:49.709Z,signal:1762033479314:xpsmk6aoy,0194b473-2ab3-778f-89ee-236e803f3c8e,26
2025-11-01T21:45:29.754Z,signal:1762033516308:wm4rmvgky,0194b473-2ab3-778f-89ee-236e803f3c8e,8
2025-11-01T21:46:04.819Z,signal:1762033553460:ttrej16y9,0194b473-2ab3-778f-89ee-236e803f3c8e,6
2025-11-01T21:46:44.893Z,signal:1762033591313:ibx64wz45,0194b473-2ab3-778f-89ee-236e803f3c8e,30
2025-11-01T21:47:19.934Z,signal:1762033626311:ivvvydwmv,0194b473-2ab3-778f-89ee-236e803f3c8e,33
2025-11-01T21:47:59.985Z,signal:1762033666449:6dss16r4i,0194b473-2ab3-778f-89ee-236e803f3c8e,19
2025-11-01T21:48:35.033Z,signal:1762033701305:67slmvxzw,0194b473-2ab3-778f-89ee-236e803f3c8e,6
2025-11-01T21:49:10.093Z,signal:1762033737321:vlr7adr4z,0194b473-2ab3-778f-89ee-236e803f3c8e,7
2025-11-01T21:49:45.152Z,signal:1762033774314:4aqv7qyfb,0194b473-2ab3-778f-89ee-236e803f3c8e,14
2025-11-01T21:50:20.219Z,signal:1762033809455:duj73mp3z,0194b473-2ab3-778f-89ee-236e803f3c8e,2
2025-11-01T21:51:00.287Z,signal:1762033848345:ndocib5xe,0194b473-2ab3-778f-89ee-236e803f3c8e,12
2025-11-01T21:51:35.323Z,signal:1762033884294:c9myxujsp,0194b473-2ab3-778f-89ee-236e803f3c8e,2
2025-11-01T21:52:15.372Z,signal:1762033922313:xv46kx7ek,0194b473-2ab3-778f-89ee-236e803f3c8e,3
2025-11-01T21:52:45.411Z,signal:1762033955334:addkcgrxw,0194b473-2ab3-778f-89ee-236e803f3c8e,32
2025-11-01T21:53:20.470Z,signal:1762033989280:nnoy8jcs3,0194b473-2ab3-778f-89ee-236e803f3c8e,34
2025-11-01T21:54:00.511Z,signal:1762034026332:rzwgbzx1i,0194b473-2ab3-778f-89ee-236e803f3c8e,10
2025-11-01T21:54:35.571Z,signal:1762034061421:gmfpir53a,0194b473-2ab3-778f-89ee-236e803f3c8e,8
2025-11-01T21:55:10.631Z,signal:1762034096292:bwvu5gk0n,0194b473-2ab3-778f-89ee-236e803f3c8e,5
2025-11-01T21:55:45.683Z,signal:1762034133307:1epxuphgu,0194b473-2ab3-778f-89ee-236e803f3c8e,25
2025-11-01T21:56:20.747Z,signal:1762034166300:r9z5gzwut,0194b473-2ab3-778f-89ee-236e803f3c8e,20
2025-11-01T21:56:50.799Z,signal:1762034201290:f8hgepm2m,0194b473-2ab3-778f-89ee-236e803f3c8e,8
2025-11-01T21:57:30.871Z,signal:1762034237281:jzldzx9s2,0194b473-2ab3-778f-89ee-236e803f3c8e,28
2025-11-01T21:58:05.926Z,signal:1762034274301:hws5174ql,0194b473-2ab3-778f-89ee-236e803f3c8e,3
2025-11-01T21:58:40.977Z,signal:1762034310300:eyc28vrb7,0194b473-2ab3-778f-89ee-236e803f3c8e,1
2025-11-01T21:59:21.024Z,signal:1762034348312:m2uz1i4hg,0194b473-2ab3-778f-89ee-236e803f3c8e,13
2025-11-01T21:59:56.082Z,signal:1762034386060:yn806bpri,0194b473-2ab3-778f-89ee-236e803f3c8e,9
2025-11-01T22:00:36.149Z,signal:1762034425310:rox22m7z3,0194b473-2ab3-778f-89ee-236e803f3c8e,27
2025-11-01T22:01:11.203Z,signal:1762034459426:8df30q1d1,0194b473-2ab3-778f-89ee-236e803f3c8e,8
2025-11-01T22:01:51.289Z,signal:1762034497322:88qoy20ef,0194b473-2ab3-778f-89ee-236e803f3c8e,18
2025-11-01T22:02:26.321Z,signal:1762034533454:c62g12z6t,0194b473-2ab3-778f-89ee-236e803f3c8e,8
2025-11-01T22:03:01.378Z,signal:1762034570336:nv1s66vtn,0194b473-2ab3-778f-89ee-236e803f3c8e,30
2025-11-01T22:03:36.424Z,signal:1762034606293:f9ufr0t6k,0194b473-2ab3-778f-89ee-236e803f3c8e,23
2025-11-01T22:04:16.755Z,signal:1762034642326:6sfz0b4yq,0194b473-2ab3-778f-89ee-236e803f3c8e,9
2025-11-01T22:04:51.531Z,signal:1762034680297:ug86p94fy,0194b473-2ab3-778f-89ee-236e803f3c8e,14
2025-11-01T22:05:31.603Z,signal:1762034717338:n3rt1h3ca,0194b473-2ab3-778f-89ee-236e803f3c8e,18
2025-11-01T22:06:06.633Z,signal:1762034754338:u2hb3pt9r,0194b473-2ab3-778f-89ee-236e803f3c8e,19
2025-11-01T22:06:41.702Z,signal:1762034789309:slb8zjxo8,0194b473-2ab3-778f-89ee-236e803f3c8e,32
2025-11-01T22:07:16.752Z,signal:1762034823311:jcqy589q8,0194b473-2ab3-778f-89ee-236e803f3c8e,14
2025-11-01T22:07:56.821Z,signal:1762034862480:9xrc8piwe,0194b473-2ab3-778f-89ee-236e803f3c8e,11
2025-11-01T22:08:32.131Z,signal:1762034900344:be95vk26w,0194b473-2ab3-778f-89ee-236e803f3c8e,30
2025-11-01T22:09:06.917Z,signal:1762034935298:ok5t4obow,0194b473-2ab3-778f-89ee-236e803f3c8e,11
2025-11-01T22:09:46.973Z,signal:1762034973299:n4skyt80h,0194b473-2ab3-778f-89ee-236e803f3c8e,2
2025-11-01T22:10:22.028Z,signal:1762035009424:k2xf9c35j,0194b473-2ab3-778f-89ee-236e803f3c8e,29
2025-11-01T22:11:22.103Z,signal:1762035072310:gt366ipcw,0194b473-2ab3-778f-89ee-236e803f3c8e,4
2025-11-01T22:12:07.167Z,signal:1762035113300:08lkpu64e,0194b473-2ab3-778f-89ee-236e803f3c8e,18
2025-11-01T22:12:47.232Z,signal:1762035156322:walnnx9sm,0194b473-2ab3-778f-89ee-236e803f3c8e,12
2025-11-01T22:13:27.297Z,signal:1762035197290:y740dcnoq,0194b473-2ab3-778f-89ee-236e803f3c8e,1
2025-11-01T22:14:07.361Z,signal:1762035237302:1bj8fdgy3,0194b473-2ab3-778f-89ee-236e803f3c8e,10
2025-11-01T22:14:52.390Z,signal:1762035279297:fp3ri962v,0194b473-2ab3-778f-89ee-236e803f3c8e,14
2025-11-01T22:15:32.443Z,signal:1762035319447:z00jbkw0b,0194b473-2ab3-778f-89ee-236e803f3c8e,12
2025-11-01T22:16:12.498Z,signal:1762035359322:b4yqio0d8,0194b473-2ab3-778f-89ee-236e803f3c8e,19
2025-11-01T22:16:52.553Z,signal:1762035399411:m5mdkfprq,0194b473-2ab3-778f-89ee-236e803f3c8e,21
2025-11-01T22:17:36.535Z,signal:1762035442299:nzy8o1cvw,0194b473-2ab3-778f-89ee-236e803f3c8e,36
2025-11-01T22:18:16.601Z,signal:1762035483420:reivkqn6u,0194b473-2ab3-778f-89ee-236e803f3c8e,29
2025-11-01T22:18:56.658Z,signal:1762035524453:xgdfa9ymn,0194b473-2ab3-778f-89ee-236e803f3c8e,6
2025-11-01T22:19:36.714Z,signal:1762035565295:zu1y0xrig,0194b473-2ab3-778f-89ee-236e803f3c8e,25
2025-11-01T22:20:21.778Z,signal:1762035607295:zh1lqcf3y,0194b473-2ab3-778f-89ee-236e803f3c8e,25
2025-11-01T22:21:01.849Z,signal:1762035649367:b066m25fn,0194b473-2ab3-778f-89ee-236e803f3c8e,16
2025-11-01T22:21:41.896Z,signal:1762035690350:7ekh067eo,0194b473-2ab3-778f-89ee-236e803f3c8e,1
2025-11-01T22:22:21.950Z,signal:1762035732295:2x78yjg77,0194b473-2ab3-778f-89ee-236e803f3c8e,35
2025-11-01T22:23:07.031Z,signal:1762035773328:zt0hp0pcf,0194b473-2ab3-778f-89ee-236e803f3c8e,24
2025-11-01T22:23:47.087Z,signal:1762035814430:ovqio4ieq,0194b473-2ab3-778f-89ee-236e803f3c8e,31
2025-11-01T22:24:27.114Z,signal:1762035854454:y6td3bisx,0194b473-2ab3-778f-89ee-236e803f3c8e,29
2025-11-01T22:25:07.179Z,signal:1762035895314:o391rexhx,0194b473-2ab3-778f-89ee-236e803f3c8e,22
2025-11-01T22:25:47.230Z,signal:1762035936329:vjo8wpk4e,0194b473-2ab3-778f-89ee-236e803f3c8e,32
2025-11-01T22:26:27.248Z,signal:1762035977283:dpoht36uc,0194b473-2ab3-778f-89ee-236e803f3c8e,11
2025-11-01T22:27:12.320Z,signal:1762036020352:kdvprjy5b,0194b473-2ab3-778f-89ee-236e803f3c8e,1
2025-11-01T22:27:52.398Z,signal:1762036060416:1wa5c5oym,0194b473-2ab3-778f-89ee-236e803f3c8e,20
2025-11-01T22:28:32.460Z,signal:1762036102473:gvrw7gj8g,0194b473-2ab3-778f-89ee-236e803f3c8e,24
2025-11-01T22:29:17.534Z,signal:1762036143451:2zia6k3s8,0194b473-2ab3-778f-89ee-236e803f3c8e,28
2025-11-01T22:29:52.593Z,signal:1762036183044:c3ld5g4fi,0194b473-2ab3-778f-89ee-236e803f3c8e,31
2025-11-01T22:30:37.660Z,signal:1762036224311:iwznwp76u,0194b473-2ab3-778f-89ee-236e803f3c8e,8
2025-11-01T22:31:17.727Z,signal:1762036266312:tywcopewl,0194b473-2ab3-778f-89ee-236e803f3c8e,20
2025-11-01T22:31:57.797Z,signal:1762036306415:4gxh0losz,0194b473-2ab3-778f-89ee-236e803f3c8e,20
2025-11-01T22:32:37.850Z,signal:1762036346317:ajs3d4435,0194b473-2ab3-778f-89ee-236e803f3c8e,36
2025-11-01T22:33:17.903Z,signal:1762036386409:w3keyxgdd,0194b473-2ab3-778f-89ee-236e803f3c8e,12
2025-11-01T22:33:57.955Z,signal:1762036428427:i0vhwzd12,0194b473-2ab3-778f-89ee-236e803f3c8e,36
2025-11-01T22:34:43.029Z,signal:1762036469279:xwu0lsiub,0194b473-2ab3-778f-89ee-236e803f3c8e,7
2025-11-01T22:35:23.113Z,signal:1762036510309:n83uxm8tk,0194b473-2ab3-778f-89ee-236e803f3c8e,28
2025-11-01T22:36:03.186Z,signal:1762036550416:kbjgi27jd,0194b473-2ab3-778f-89ee-236e803f3c8e,16
2025-11-01T22:36:43.268Z,signal:1762036592296:jp15lxkjx,0194b473-2ab3-778f-89ee-236e803f3c8e,34
2025-11-01T22:37:28.337Z,signal:1762036634311:lf7jpylrk,0194b473-2ab3-778f-89ee-236e803f3c8e,7
2025-11-01T22:38:08.379Z,signal:1762036676407:m58z6wp1u,0194b473-2ab3-778f-89ee-236e803f3c8e,12
2025-11-01T22:38:48.453Z,signal:1762036717064:v8rkudnv5,0194b473-2ab3-778f-89ee-236e803f3c8e,5
2025-11-01T22:39:28.534Z,signal:1762036758313:6v5gibo1j,0194b473-2ab3-778f-89ee-236e803f3c8e,18
2025-11-01T22:40:13.603Z,signal:1762036800331:00ersbsh2,0194b473-2ab3-778f-89ee-236e803f3c8e,24
2025-11-01T22:41:23.729Z,signal:1762036870296:pt3edt701,0194b473-2ab3-778f-89ee-236e803f3c8e,19
2025-11-01T22:41:58.785Z,signal:1762036908423:9brgzvt6m,0194b473-2ab3-778f-89ee-236e803f3c8e,29
2025-11-01T22:42:38.847Z,signal:1762036945297:s0yu2p3ho,0194b473-2ab3-778f-89ee-236e803f3c8e,22
2025-11-01T22:43:13.885Z,signal:1762036980125:20wiskfsx,0194b473-2ab3-778f-89ee-236e803f3c8e,10
2025-11-01T22:43:48.951Z,signal:1762037018336:bbk1qweo2,0194b473-2ab3-778f-89ee-236e803f3c8e,28
2025-11-01T22:44:29.034Z,signal:1762037056307:o2p992q7d,0194b473-2ab3-778f-89ee-236e803f3c8e,21
2025-11-01T22:45:04.085Z,signal:1762037094299:hwfqk42it,0194b473-2ab3-778f-89ee-236e803f3c8e,8
2025-11-03T15:27:55.391Z,signal:1762183734188:hsnvrmtov,0194b473-2ab3-778f-89ee-236e803f3c8e,0
2025-11-03T15:27:55.391Z,signal:1762183702192:ccniij4a3,0194b473-2ab3-778f-89ee-236e803f3c8e,35
2025-11-03T15:27:55.391Z,signal:1762183663214:h3qf0x8ww,0194b473-2ab3-778f-89ee-236e803f3c8e,27
2025-11-03T15:27:55.391Z,signal:1762183628059:j5sww7v4h,0194b473-2ab3-778f-89ee-236e803f3c8e,27
2025-11-03T15:27:55.391Z,signal:1762183587837:o3luulnia,0194b473-2ab3-778f-89ee-236e803f3c8e,36
2025-11-03T15:27:55.391Z,signal:1762183550212:i5qar97r5,0194b473-2ab3-778f-89ee-236e803f3c8e,8
2025-11-03T15:27:55.391Z,signal:1762183510094:wpgsby95q,0194b473-2ab3-778f-89ee-236e803f3c8e,22
2025-11-03T15:27:55.391Z,signal:1762183473282:lbvn3n8vn,0194b473-2ab3-778f-89ee-236e803f3c8e,5
2025-11-03T15:27:55.391Z,signal:1762183432175:xetplyqah,0194b473-2ab3-778f-89ee-236e803f3c8e,21
2025-11-03T15:27:55.391Z,signal:1762183392125:s5u741iom,0194b473-2ab3-778f-89ee-236e803f3c8e,36
2025-11-03T15:28:15.007Z,signal:1762183774038:9ngqlt7q2,0194b473-2ab3-778f-89ee-236e803f3c8e,11
2025-11-03T15:28:55.038Z,signal:1762183812198:2n4xyqz6x,0194b473-2ab3-778f-89ee-236e803f3c8e,23
2025-11-03T15:29:30.047Z,signal:1762183851082:1bgpj5ems,0194b473-2ab3-778f-89ee-236e803f3c8e,32
2025-11-03T15:30:05.079Z,signal:1762183886213:icltn2f3o,0194b473-2ab3-778f-89ee-236e803f3c8e,9
2025-11-03T15:30:50.106Z,signal:1762183927074:9ti1qm3y2,0194b473-2ab3-778f-89ee-236e803f3c8e,6
2025-11-03T15:31:30.131Z,signal:1762183967062:gy9x8n027,0194b473-2ab3-778f-89ee-236e803f3c8e,24
2025-11-03T15:32:10.164Z,signal:1762184010074:5zv4h21ei,0194b473-2ab3-778f-89ee-236e803f3c8e,24
2025-11-03T15:32:50.206Z,signal:1762184049044:ndinfttgu,0194b473-2ab3-778f-89ee-236e803f3c8e,8
2025-11-03T15:33:30.232Z,signal:1762184086799:1aefcf9jr,0194b473-2ab3-778f-89ee-236e803f3c8e,33
2025-11-03T15:34:05.250Z,signal:1762184125083:eg34cntbg,0194b473-2ab3-778f-89ee-236e803f3c8e,20
2025-11-03T15:34:50.282Z,signal:1762184167249:i3xz8kx2y,0194b473-2ab3-778f-89ee-236e803f3c8e,14
2025-11-03T15:35:25.293Z,signal:1762184205069:hm2hy7tzd,0194b473-2ab3-778f-89ee-236e803f3c8e,5
2025-11-03T15:36:00.325Z,signal:1762184241057:nl153hmvc,0194b473-2ab3-778f-89ee-236e803f3c8e,1
2025-11-03T15:36:40.352Z,signal:1762184280052:pv7sbln21,0194b473-2ab3-778f-89ee-236e803f3c8e,23
2025-11-03T15:37:15.396Z,signal:1762184316203:u5ci0yb97,0194b473-2ab3-778f-89ee-236e803f3c8e,18
2025-11-03T15:37:55.456Z,signal:1762184356087:b9sexi85n,0194b473-2ab3-778f-89ee-236e803f3c8e,32
2025-11-03T15:38:35.498Z,signal:1762184394184:qk1vj87kr,0194b473-2ab3-778f-89ee-236e803f3c8e,22
2025-11-03T15:39:15.513Z,signal:1762184432185:s9ocgcyc0,0194b473-2ab3-778f-89ee-236e803f3c8e,3
2025-11-03T15:39:55.529Z,signal:1762184473144:n8lyxr1iv,0194b473-2ab3-778f-89ee-236e803f3c8e,2
2025-11-03T15:40:30.558Z,signal:1762184512038:t66o59esz,0194b473-2ab3-778f-89ee-236e803f3c8e,3
2025-11-03T15:41:35.604Z,signal:1762184575067:t61smn8zw,0194b473-2ab3-778f-89ee-236e803f3c8e,16
2025-11-03T15:42:10.620Z,signal:1762184612052:53i6a4cxa,0194b473-2ab3-778f-89ee-236e803f3c8e,25
2025-11-03T15:42:50.648Z,signal:1762184649086:tdq372528,0194b473-2ab3-778f-89ee-236e803f3c8e,23
2025-11-03T15:43:30.663Z,signal:1762184689058:kqwwn5zxh,0194b473-2ab3-778f-89ee-236e803f3c8e,2
2025-11-03T15:44:10.718Z,signal:1762184728093:yyoz3hae1,0194b473-2ab3-778f-89ee-236e803f3c8e,8
2025-11-03T15:44:50.774Z,signal:1762184769082:v9bviqybt,0194b473-2ab3-778f-89ee-236e803f3c8e,17
2025-11-03T15:45:25.810Z,signal:1762184804085:n8p9l0rgg,0194b473-2ab3-778f-89ee-236e803f3c8e,29
2025-11-03T15:46:05.884Z,signal:1762184845040:aqhtuwb2x,0194b473-2ab3-778f-89ee-236e803f3c8e,17
2025-11-03T15:46:45.940Z,signal:1762184885065:60zj6zsri,0194b473-2ab3-778f-89ee-236e803f3c8e,24
2025-11-03T15:47:25.999Z,signal:1762184923171:3gf11hxmn,0194b473-2ab3-778f-89ee-236e803f3c8e,8
2025-11-03T15:48:01.066Z,signal:1762184961041:s8cjck9ee,0194b473-2ab3-778f-89ee-236e803f3c8e,23
2025-11-03T15:48:41.144Z,signal:1762185000140:ec4p52my3,0194b473-2ab3-778f-89ee-236e803f3c8e,34
2025-11-03T15:49:21.186Z,signal:1762185041039:kfuhpyk99,0194b473-2ab3-778f-89ee-236e803f3c8e,35
2025-11-03T15:50:01.239Z,signal:1762185079095:3sny2f4sx,0194b473-2ab3-778f-89ee-236e803f3c8e,32
2025-11-03T15:50:41.298Z,signal:1762185118117:zt0p0ahg7,0194b473-2ab3-778f-89ee-236e803f3c8e,31
2025-11-03T15:51:16.348Z,signal:1762185157055:s7pjdvfyt,0194b473-2ab3-778f-89ee-236e803f3c8e,26
2025-11-03T15:51:56.432Z,signal:1762185194810:s171k7clx,0194b473-2ab3-778f-89ee-236e803f3c8e,5
2025-11-03T15:52:36.492Z,signal:1762185236033:ey59epzo4,0194b473-2ab3-778f-89ee-236e803f3c8e,1
2025-11-03T15:53:16.507Z,signal:1762185274068:16az59f6l,0194b473-2ab3-778f-89ee-236e803f3c8e,12
2025-11-03T15:53:56.535Z,signal:1762185314199:y00jm2jga,0194b473-2ab3-778f-89ee-236e803f3c8e,8
2025-11-03T15:54:36.551Z,signal:1762185354041:gaq4gg6si,0194b473-2ab3-778f-89ee-236e803f3c8e,33
2025-11-03T15:55:11.569Z,signal:1762185391062:0di8nhg2c,0194b473-2ab3-778f-89ee-236e803f3c8e,29
2025-11-03T15:55:51.581Z,signal:1762185432078:2uu5gzzii,0194b473-2ab3-778f-89ee-236e803f3c8e,1
2025-11-03T15:56:31.599Z,signal:1762185469062:7l6f5dmm6,0194b473-2ab3-778f-89ee-236e803f3c8e,34
2025-11-03T15:57:06.623Z,signal:1762185506184:8uhjiuyzs,0194b473-2ab3-778f-89ee-236e803f3c8e,21
2025-11-03T15:57:46.640Z,signal:1762185547388:jagnsufpi,0194b473-2ab3-778f-89ee-236e803f3c8e,20
2025-11-03T15:58:26.655Z,signal:1762185587064:xp1z6yxzx,0194b473-2ab3-778f-89ee-236e803f3c8e,22
2025-11-03T15:59:06.700Z,signal:1762185626191:z4i0lffa9,0194b473-2ab3-778f-89ee-236e803f3c8e,25
2025-11-03T15:59:46.713Z,signal:1762185664127:y7mxnezax,0194b473-2ab3-778f-89ee-236e803f3c8e,20
2025-11-03T16:00:26.748Z,signal:1762185703823:gqfpxmrol,0194b473-2ab3-778f-89ee-236e803f3c8e,28
2025-11-03T16:01:01.753Z,signal:1762185743265:04r1wrczr,0194b473-2ab3-778f-89ee-236e803f3c8e,36
2025-11-03T16:01:41.785Z,signal:1762185781072:vlf2z66gw,0194b473-2ab3-778f-89ee-236e803f3c8e,10
2025-11-03T16:02:21.814Z,signal:1762185820967:jz58xmftn,0194b473-2ab3-778f-89ee-236e803f3c8e,14
2025-11-03T16:03:01.833Z,signal:1762185863217:t0l7q0onl,0194b473-2ab3-778f-89ee-236e803f3c8e,25
2025-11-03T16:03:46.862Z,signal:1762185904146:imz0sc3na,0194b473-2ab3-778f-89ee-236e803f3c8e,5
2025-11-03T16:04:26.889Z,signal:1762185946139:3eq6lz0rj,0194b473-2ab3-778f-89ee-236e803f3c8e,19
2025-11-03T16:05:06.906Z,signal:1762185986096:5are89g80,0194b473-2ab3-778f-89ee-236e803f3c8e,5
2025-11-03T16:05:46.975Z,signal:1762186026198:6oraguu5f,0194b473-2ab3-778f-89ee-236e803f3c8e,19
2025-11-03T16:06:27.022Z,signal:1762186066189:7gsfp1qc2,0194b473-2ab3-778f-89ee-236e803f3c8e,15
2025-11-03T16:07:07.083Z,signal:1762186108075:li06buceg,0194b473-2ab3-778f-89ee-236e803f3c8e,25
2025-11-03T16:07:47.129Z,signal:1762186147142:mhfmlxyyb,0194b473-2ab3-778f-89ee-236e803f3c8e,33
2025-11-03T16:08:27.166Z,signal:1762186186074:y7l0s7ifl,0194b473-2ab3-778f-89ee-236e803f3c8e,27
2025-11-03T16:09:07.216Z,signal:1762186224186:f9i66sdne,0194b473-2ab3-778f-89ee-236e803f3c8e,4
2025-11-03T16:09:42.282Z,signal:1762186260069:xfp3z5bbh,0194b473-2ab3-778f-89ee-236e803f3c8e,30
2025-11-03T16:10:22.373Z,signal:1762186300073:5hnparq7d,0194b473-2ab3-778f-89ee-236e803f3c8e,3
2025-11-03T16:10:57.417Z,signal:1762186337055:rq26blylp,0194b473-2ab3-778f-89ee-236e803f3c8e,26
2025-11-03T16:11:37.449Z,signal:1762186375086:4we7iwbix,0194b473-2ab3-778f-89ee-236e803f3c8e,4
2025-11-03T16:12:17.495Z,signal:1762186417066:4a7gwdi24,0194b473-2ab3-778f-89ee-236e803f3c8e,16
2025-11-03T16:12:52.543Z,signal:1762186453841:ty5g9e29d,0194b473-2ab3-778f-89ee-236e803f3c8e,26
2025-11-03T16:13:37.602Z,signal:1762186494188:r7hr39kgl,0194b473-2ab3-778f-89ee-236e803f3c8e,20
2025-11-03T16:14:12.637Z,signal:1762186533124:anf0obgkh,0194b473-2ab3-778f-89ee-236e803f3c8e,1
2025-11-03T16:14:57.692Z,signal:1762186576063:o4r67wtir,0194b473-2ab3-778f-89ee-236e803f3c8e,14
2025-11-03T16:15:57.752Z,signal:1762186636085:1yukyi3al,0194b473-2ab3-778f-89ee-236e803f3c8e,15
2025-11-03T16:16:42.828Z,signal:1762186680778:o0uh9stxh,0194b473-2ab3-778f-89ee-236e803f3c8e,4
2025-11-03T16:17:22.853Z,signal:1762186720053:mbj95cb0i,0194b473-2ab3-778f-89ee-236e803f3c8e,28
2025-11-03T16:18:02.901Z,signal:1762186762121:ejj81cam5,0194b473-2ab3-778f-89ee-236e803f3c8e,24
2025-11-03T16:18:42.928Z,signal:1762186801104:fib4up1ac,0194b473-2ab3-778f-89ee-236e803f3c8e,11
2025-11-03T16:19:22.988Z,signal:1762186843912:nz6xm05rc,0194b473-2ab3-778f-89ee-236e803f3c8e,21
2025-11-03T16:20:03.046Z,signal:1762186884119:vecucdzls,0194b473-2ab3-778f-89ee-236e803f3c8e,8
2025-11-03T16:20:43.078Z,signal:1762186924237:8g3n77xr5,0194b473-2ab3-778f-89ee-236e803f3c8e,32
2025-11-03T16:21:23.123Z,signal:1762186962054:p3q4p9k7h,0194b473-2ab3-778f-89ee-236e803f3c8e,7
2025-11-03T16:22:08.175Z,signal:1762187006181:cojwz94up,0194b473-2ab3-778f-89ee-236e803f3c8e,15
2025-11-03T16:22:43.216Z,signal:1762187044093:gc4yppkr7,0194b473-2ab3-778f-89ee-236e803f3c8e,11
2025-11-03T16:23:23.252Z,signal:1762187083110:9qfqqh93x,0194b473-2ab3-778f-89ee-236e803f3c8e,35
2025-11-03T16:24:03.298Z,signal:1762187123068:rty747y3n,0194b473-2ab3-778f-89ee-236e803f3c8e,28
2025-11-03T16:24:48.387Z,signal:1762187165046:xq7f8ylk0,0194b473-2ab3-778f-89ee-236e803f3c8e,9
2025-11-03T16:25:28.481Z,signal:1762187206201:tzt2gb2yt,0194b473-2ab3-778f-89ee-236e803f3c8e,13
2025-11-03T16:26:08.794Z,signal:1762187246102:1cxk2if54,0194b473-2ab3-778f-89ee-236e803f3c8e,5
2025-11-03T16:26:48.863Z,signal:1762187287075:iwr99ajec,0194b473-2ab3-778f-89ee-236e803f3c8e,25
2025-11-03T16:27:28.910Z,signal:1762187327074:v9jdtyodf,0194b473-2ab3-778f-89ee-236e803f3c8e,7
2025-11-03T16:28:08.972Z,signal:1762187367088:lxrd74xkk,0194b473-2ab3-778f-89ee-236e803f3c8e,15
2025-11-03T16:28:49.051Z,signal:1762187407074:tooucranh,0194b473-2ab3-778f-89ee-236e803f3c8e,22
2025-11-03T16:29:29.107Z,signal:1762187449160:b7i5mr6k5,0194b473-2ab3-778f-89ee-236e803f3c8e,13
2025-11-03T16:30:09.155Z,signal:1762187488251:jep7ggkeo,0194b473-2ab3-778f-89ee-236e803f3c8e,31
2025-11-03T16:30:44.193Z,signal:1762187523110:2mzyggkix,0194b473-2ab3-778f-89ee-236e803f3c8e,22
2025-11-03T16:31:24.249Z,signal:1762187563086:a1425lv4x,0194b473-2ab3-778f-89ee-236e803f3c8e,3
2025-11-03T16:32:04.315Z,signal:1762187604106:4qlkbx5hu,0194b473-2ab3-778f-89ee-236e803f3c8e,23
2025-11-03T16:33:09.397Z,signal:1762187670209:nmh62qdlp,0194b473-2ab3-778f-89ee-236e803f3c8e,8
2025-11-03T16:33:49.440Z,signal:1762187709099:uyh3rso7n,0194b473-2ab3-778f-89ee-236e803f3c8e,15
2025-11-03T16:34:29.499Z,signal:1762187748216:tcz9xxi11,0194b473-2ab3-778f-89ee-236e803f3c8e,19
2025-11-03T16:35:09.531Z,signal:1762187789262:6byg6qwn8,0194b473-2ab3-778f-89ee-236e803f3c8e,7
2025-11-03T16:35:49.549Z,signal:1762187827135:y2sxf5kbe,0194b473-2ab3-778f-89ee-236e803f3c8e,26
2025-11-03T16:37:35.000Z,signal:1762187904065:i3c1erz5y,0194b473-2ab3-778f-89ee-236e803f3c8e,36
2025-11-03T16:37:35.000Z,signal:1762187868091:sir4ghfk2,0194b473-2ab3-778f-89ee-236e803f3c8e,10
2025-11-03T16:37:44.580Z,signal:1762187942073:kr06q8de7,0194b473-2ab3-778f-89ee-236e803f3c8e,11
2025-11-03T16:38:24.595Z,signal:1762187982087:ope9vjbuz,0194b473-2ab3-778f-89ee-236e803f3c8e,2
2025-11-03T16:38:59.609Z,signal:1762188019081:z0nbi5c2k,0194b473-2ab3-778f-89ee-236e803f3c8e,2
2025-11-03T16:39:39.623Z,signal:1762188058247:t8wzqo3pz,0194b473-2ab3-778f-89ee-236e803f3c8e,28
2025-11-03T16:40:18.953Z,signal:1762188099269:5nrwu3cov,0194b473-2ab3-778f-89ee-236e803f3c8e,21
2025-11-03T16:43:08.692Z,signal:1762188266088:quab9c2ro,0194b473-2ab3-778f-89ee-236e803f3c8e,4
2025-11-03T16:43:48.751Z,signal:1762188309109:obwqcy0ek,0194b473-2ab3-778f-89ee-236e803f3c8e,20
2025-11-03T16:44:33.810Z,signal:1762188351093:ffst6rigf,0194b473-2ab3-778f-89ee-236e803f3c8e,33
2025-11-03T16:45:13.819Z,signal:1762188392114:u7dir8dvb,0194b473-2ab3-778f-89ee-236e803f3c8e,1
2025-11-03T16:45:53.849Z,signal:1762188431810:mjxgtfxef,0194b473-2ab3-778f-89ee-236e803f3c8e,14
2025-11-03T16:46:33.866Z,signal:1762188475175:od39a620m,0194b473-2ab3-778f-89ee-236e803f3c8e,4
2025-11-03T16:47:13.894Z,signal:1762188515057:7lnnd1cwz,0194b473-2ab3-778f-89ee-236e803f3c8e,25
2025-11-03T16:47:53.927Z,signal:1762188555198:ws59tcxvf,0194b473-2ab3-778f-89ee-236e803f3c8e,11
2025-11-03T16:48:37.398Z,signal:1762188597098:piyktozkp,0194b473-2ab3-778f-89ee-236e803f3c8e,17
2025-11-03T16:49:17.409Z,signal:1762188636043:j09tvpsgs,0194b473-2ab3-778f-89ee-236e803f3c8e,22
2025-11-03T16:49:57.457Z,signal:1762188675079:i182acwv7,0194b473-2ab3-778f-89ee-236e803f3c8e,18
2025-11-03T16:50:37.467Z,signal:1762188716064:ri8y48jx1,0194b473-2ab3-778f-89ee-236e803f3c8e,28
2025-11-03T16:51:15.751Z,signal:1762188756096:fmur2z7u7,0194b473-2ab3-778f-89ee-236e803f3c8e,31
2025-11-03T16:52:00.774Z,signal:1762188798065:7w27o7lbm,0194b473-2ab3-778f-89ee-236e803f3c8e,15
2025-11-03T16:52:40.786Z,signal:1762188838089:wh5mn1nre,0194b473-2ab3-778f-89ee-236e803f3c8e,4
2025-11-03T16:53:20.802Z,signal:1762188880055:51hd022fc,0194b473-2ab3-778f-89ee-236e803f3c8e,25
2025-11-03T16:54:00.832Z,signal:1762188921171:ks1058kvq,0194b473-2ab3-778f-89ee-236e803f3c8e,27
2025-11-03T16:54:40.862Z,signal:1762188962199:xhpbj7udt,0194b473-2ab3-778f-89ee-236e803f3c8e,28
2025-11-03T16:55:25.887Z,signal:1762189003214:q69uflpvh,0194b473-2ab3-778f-89ee-236e803f3c8e,7
2025-11-03T16:56:00.905Z,signal:1762189040168:ki5xt5xw7,0194b473-2ab3-778f-89ee-236e803f3c8e,8
2025-11-03T16:56:40.919Z,signal:1762189080067:mxfub0orx,0194b473-2ab3-778f-89ee-236e803f3c8e,15
2025-11-03T16:57:20.949Z,signal:1762189122074:5dkwxgit5,0194b473-2ab3-778f-89ee-236e803f3c8e,21
2025-11-03T16:58:06.004Z,signal:1762189165171:6z28xntg3,0194b473-2ab3-778f-89ee-236e803f3c8e,12
2025-11-03T16:58:46.019Z,signal:1762189205273:g9topldv3,0194b473-2ab3-778f-89ee-236e803f3c8e,11
2025-11-03T16:59:26.049Z,signal:1762189246252:mu8dfpbyf,0194b473-2ab3-778f-89ee-236e803f3c8e,19
2025-11-03T17:00:06.081Z,signal:1762189286065:ro5l0702q,0194b473-2ab3-778f-89ee-236e803f3c8e,25
2025-11-03T17:00:46.109Z,signal:1762189325078:cwlvkmwpg,0194b473-2ab3-778f-89ee-236e803f3c8e,13
2025-11-03T17:01:26.171Z,signal:1762189367092:wh2lakfev,0194b473-2ab3-778f-89ee-236e803f3c8e,14
2025-11-03T17:02:06.209Z,signal:1762189406080:duvsjao2e,0194b473-2ab3-778f-89ee-236e803f3c8e,33
2025-11-03T17:02:46.262Z,signal:1762189445071:vg46c9bzq,0194b473-2ab3-778f-89ee-236e803f3c8e,24
2025-11-03T17:04:26.325Z,signal:1762189547065:cqy73e7gj,0194b473-2ab3-778f-89ee-236e803f3c8e,4
2025-11-03T17:05:11.372Z,signal:1762189590148:1au3e5g7b,0194b473-2ab3-778f-89ee-236e803f3c8e,3
2025-11-03T17:05:51.404Z,signal:1762189631101:3uk2t7p9a,0194b473-2ab3-778f-89ee-236e803f3c8e,21
2025-11-03T17:06:31.447Z,signal:1762189671097:gyju4tt3q,0194b473-2ab3-778f-89ee-236e803f3c8e,26
2025-11-03T17:07:11.504Z,signal:1762189710081:rmcgavamh,0194b473-2ab3-778f-89ee-236e803f3c8e,11
2025-11-03T17:07:51.514Z,signal:1762189752204:60h468y74,0194b473-2ab3-778f-89ee-236e803f3c8e,12
2025-11-03T17:08:31.541Z,signal:1762189791102:giwetbx2f,0194b473-2ab3-778f-89ee-236e803f3c8e,28
2025-11-03T17:09:11.586Z,signal:1762189831083:6fweyg772,0194b473-2ab3-778f-89ee-236e803f3c8e,26
2025-11-03T17:10:50.712Z,signal:1762189914085:r4q32wz0t,0194b473-2ab3-778f-89ee-236e803f3c8e,18
2025-11-03T17:10:50.712Z,signal:1762189872084:qg5hilwpa,0194b473-2ab3-778f-89ee-236e803f3c8e,1
2025-11-03T17:11:45.329Z,signal:1762189983137:4srqd4um1,0194b473-2ab3-778f-89ee-236e803f3c8e,28
2025-11-03T17:12:25.376Z,signal:1762190023846:5180m3t4q,0194b473-2ab3-778f-89ee-236e803f3c8e,36
2025-11-03T17:13:00.387Z,signal:1762190061036:w4v4b9olc,0194b473-2ab3-778f-89ee-236e803f3c8e,23
2025-11-03T17:13:40.424Z,signal:1762190101183:h5f4z2sh9,0194b473-2ab3-778f-89ee-236e803f3c8e,22
2025-11-03T17:14:20.435Z,signal:1762190141114:x1yppno0z,0194b473-2ab3-778f-89ee-236e803f3c8e,28
2025-11-03T17:15:03.219Z,signal:1762190178806:kjqvp7yvv,0194b473-2ab3-778f-89ee-236e803f3c8e,6
2025-11-03T17:15:37.801Z,signal:1762190216086:ilamf5124,0194b473-2ab3-778f-89ee-236e803f3c8e,0
2025-11-03T17:16:12.831Z,signal:1762190254109:2zc6z1xo8,0194b473-2ab3-778f-89ee-236e803f3c8e,9
2025-11-03T17:16:52.860Z,signal:1762190294115:72qa8wm3c,0194b473-2ab3-778f-89ee-236e803f3c8e,13
2025-11-03T17:17:37.882Z,signal:1762190335050:8cdgue23s,0194b473-2ab3-778f-89ee-236e803f3c8e,19
2025-11-03T17:18:12.917Z,signal:1762190374069:h3rlcj0pb,0194b473-2ab3-778f-89ee-236e803f3c8e,17
2025-11-03T17:18:52.962Z,signal:1762190414081:w1g9al4mi,0194b473-2ab3-778f-89ee-236e803f3c8e,35
2025-11-03T17:19:32.993Z,signal:1762190450191:v68t51ii0,0194b473-2ab3-778f-89ee-236e803f3c8e,33
2025-11-03T17:20:13.884Z,signal:1762190491071:8zred2g9l,0194b473-2ab3-778f-89ee-236e803f3c8e,14
2025-11-03T17:20:48.926Z,signal:1762190529104:hgi325de6,0194b473-2ab3-778f-89ee-236e803f3c8e,0
2025-11-03T17:21:28.965Z,signal:1762190567078:96bnxknxp,0194b473-2ab3-778f-89ee-236e803f3c8e,19
2025-11-03T17:22:09.001Z,signal:1762190608115:ljxnp3nv5,0194b473-2ab3-778f-89ee-236e803f3c8e,6
2025-11-03T17:22:49.037Z,signal:1762190648201:qc5xua3o4,0194b473-2ab3-778f-89ee-236e803f3c8e,34
2025-11-03T17:23:29.086Z,signal:1762190687097:4evxngpao,0194b473-2ab3-778f-89ee-236e803f3c8e,8
2025-11-03T17:24:09.124Z,signal:1762190728148:16cvu6ow5,0194b473-2ab3-778f-89ee-236e803f3c8e,30
2025-11-03T17:24:49.169Z,signal:1762190768172:442hxqn0k,0194b473-2ab3-778f-89ee-236e803f3c8e,34
2025-11-03T17:25:29.091Z,signal:1762190807134:2twxhph6w,0194b473-2ab3-778f-89ee-236e803f3c8e,36
2025-11-03T17:26:09.131Z,signal:1762190846121:ejxzubilx,0194b473-2ab3-778f-89ee-236e803f3c8e,29
2025-11-03T17:26:44.156Z,signal:1762190885131:53ww8ihr8,0194b473-2ab3-778f-89ee-236e803f3c8e,34
2025-11-03T17:27:24.195Z,signal:1762190924126:st58y9dfw,0194b473-2ab3-778f-89ee-236e803f3c8e,30
2025-11-03T17:28:03.187Z,signal:1762190963080:lmnyp6q6v,0194b473-2ab3-778f-89ee-236e803f3c8e,27
2025-11-03T17:28:43.219Z,signal:1762191001173:s6bcpkbcv,0194b473-2ab3-778f-89ee-236e803f3c8e,4
2025-11-03T17:29:23.234Z,signal:1762191041146:zxv5bxlo2,0194b473-2ab3-778f-89ee-236e803f3c8e,29
2025-11-03T17:29:58.258Z,signal:1762191079132:2ipci1mh4,0194b473-2ab3-778f-89ee-236e803f3c8e,34
2025-11-03T17:30:38.302Z,signal:1762191117197:gu35oh9uj,0194b473-2ab3-778f-89ee-236e803f3c8e,31
2025-11-03T17:31:18.353Z,signal:1762191156052:lk4udgeq2,0194b473-2ab3-778f-89ee-236e803f3c8e,21
2025-11-03T17:31:58.383Z,signal:1762191196203:x52aq75za,0194b473-2ab3-778f-89ee-236e803f3c8e,11
2025-11-03T17:32:38.416Z,signal:1762191235068:ccjr2193d,0194b473-2ab3-778f-89ee-236e803f3c8e,26
2025-11-03T17:33:18.447Z,signal:1762191275053:kkctwc9ql,0194b473-2ab3-778f-89ee-236e803f3c8e,5
2025-11-03T17:33:58.466Z,signal:1762191315215:eczand42u,0194b473-2ab3-778f-89ee-236e803f3c8e,23
2025-11-03T17:34:38.483Z,signal:1762191355043:pxwekecqs,0194b473-2ab3-778f-89ee-236e803f3c8e,36
2025-11-03T17:35:15.183Z,signal:1762191393161:4u13zvhbk,0194b473-2ab3-778f-89ee-236e803f3c8e,7
2025-11-03T17:35:55.221Z,signal:1762191434232:dur05kmjt,0194b473-2ab3-778f-89ee-236e803f3c8e,21
2025-11-03T17:36:35.311Z,signal:1762191472101:mkek8ulmf,0194b473-2ab3-778f-89ee-236e803f3c8e,6
2025-11-03T17:37:10.369Z,signal:1762191509073:4mpl3vb43,0194b473-2ab3-778f-89ee-236e803f3c8e,7
2025-11-03T17:37:50.426Z,signal:1762191549187:gqixoq7oh,0194b473-2ab3-778f-89ee-236e803f3c8e,35
2025-11-03T17:38:30.436Z,signal:1762191588227:hwpojsebj,0194b473-2ab3-778f-89ee-236e803f3c8e,8
2025-11-03T17:39:05.466Z,signal:1762191626069:mcaooiysa,0194b473-2ab3-778f-89ee-236e803f3c8e,23
2025-11-03T17:40:26.284Z,signal:1762191705123:o6nznp7pz,0194b473-2ab3-778f-89ee-236e803f3c8e,31
2025-11-03T17:41:05.519Z,signal:1762191743178:586hwj5vb,0194b473-2ab3-778f-89ee-236e803f3c8e,35
2025-11-03T17:41:40.399Z,signal:1762191779057:6gd7ny5s9,0194b473-2ab3-778f-89ee-236e803f3c8e,17
2025-11-03T17:42:15.432Z,signal:1762191816173:7j4b6b09b,0194b473-2ab3-778f-89ee-236e803f3c8e,34
2025-11-03T17:42:55.494Z,signal:1762191854121:0skn1yuif,0194b473-2ab3-778f-89ee-236e803f3c8e,18
2025-11-03T17:43:30.523Z,signal:1762191890111:rl3gfe1oz,0194b473-2ab3-778f-89ee-236e803f3c8e,27
2025-11-03T17:44:10.564Z,signal:1762191927069:to8uisnvo,0194b473-2ab3-778f-89ee-236e803f3c8e,6
2025-11-03T17:44:50.587Z,signal:1762191968095:e5oj3ilih,0194b473-2ab3-778f-89ee-236e803f3c8e,24
2025-11-03T17:45:25.611Z,signal:1762192002209:ymucecw3b,0194b473-2ab3-778f-89ee-236e803f3c8e,13
2025-11-03T17:45:55.623Z,signal:1762192035168:v52mw19jz,0194b473-2ab3-778f-89ee-236e803f3c8e,29
2025-11-03T17:47:53.594Z,signal:1762192074863:if6ouohhb,0194b473-2ab3-778f-89ee-236e803f3c8e,29
2025-11-03T17:48:53.211Z,signal:1762192211217:mcf2si38f,0194b473-2ab3-778f-89ee-236e803f3c8e,9
2025-11-03T17:49:31.997Z,signal:1762192252064:5agd31g6h,0194b473-2ab3-778f-89ee-236e803f3c8e,0
2025-11-03T17:50:12.048Z,signal:1762192289076:gaumqk1qg,0194b473-2ab3-778f-89ee-236e803f3c8e,29
2025-11-03T17:50:47.075Z,signal:1762192327086:celay7f8h,0194b473-2ab3-778f-89ee-236e803f3c8e,24
2025-11-03T17:54:39.765Z,signal:1762192554229:zxfvjs0je,0194b473-2ab3-778f-89ee-236e803f3c8e,28
2025-11-03T17:54:39.765Z,signal:1762192515093:2jmojrhmh,0194b473-2ab3-778f-89ee-236e803f3c8e,27
2025-11-03T17:54:39.765Z,signal:1762192479247:zctv13o2z,0194b473-2ab3-778f-89ee-236e803f3c8e,0
2025-11-03T17:54:39.765Z,signal:1762192442088:oqfldfpzq,0194b473-2ab3-778f-89ee-236e803f3c8e,1
2025-11-03T17:54:39.765Z,signal:1762192403061:fz9tohyi8,0194b473-2ab3-778f-89ee-236e803f3c8e,10
2025-11-03T17:54:39.765Z,signal:1762192365121:5lg50c9n4,0194b473-2ab3-778f-89ee-236e803f3c8e,28
2025-11-03T17:55:14.937Z,signal:1762192592084:5ic4jhot7,0194b473-2ab3-778f-89ee-236e803f3c8e,30
2025-11-03T17:55:49.437Z,signal:1762192629205:vlhffuoaj,0194b473-2ab3-778f-89ee-236e803f3c8e,28
2025-11-03T17:56:34.477Z,signal:1762192671149:vohh45crn,0194b473-2ab3-778f-89ee-236e803f3c8e,13
2025-11-03T17:57:09.553Z,signal:1762192709189:eera4p4b6,0194b473-2ab3-778f-89ee-236e803f3c8e,12
2025-11-03T17:57:49.570Z,signal:1762192747055:kvbpjhs0i,0194b473-2ab3-778f-89ee-236e803f3c8e,24
2025-11-03T17:58:29.625Z,signal:1762192786056:j6ztp8icr,0194b473-2ab3-778f-89ee-236e803f3c8e,19
2025-11-03T17:59:04.683Z,signal:1762192825211:tx9uyeusq,0194b473-2ab3-778f-89ee-236e803f3c8e,32
2025-11-03T17:59:45.663Z,signal:1762192862074:t1c1dsnr8,0194b473-2ab3-778f-89ee-236e803f3c8e,22
2025-11-03T18:00:25.719Z,signal:1762192903107:9p9fnngsc,0194b473-2ab3-778f-89ee-236e803f3c8e,9
2025-11-03T18:01:02.554Z,signal:1762192942199:6ku6r3vjc,0194b473-2ab3-778f-89ee-236e803f3c8e,33
2025-11-03T18:01:42.587Z,signal:1762192980312:xvzwy21zl,0194b473-2ab3-778f-89ee-236e803f3c8e,18
2025-11-03T18:02:22.635Z,signal:1762193019262:d2phffbl9,0194b473-2ab3-778f-89ee-236e803f3c8e,14
2025-11-03T18:02:58.098Z,signal:1762193055213:rv9nfxzss,0194b473-2ab3-778f-89ee-236e803f3c8e,19
2025-11-03T18:03:33.156Z,signal:1762193091097:kwxrn8bo1,0194b473-2ab3-778f-89ee-236e803f3c8e,5
2025-11-03T18:04:13.199Z,signal:1762193130176:ca1hkvxim,0194b473-2ab3-778f-89ee-236e803f3c8e,14
2025-11-03T18:04:48.224Z,signal:1762193169066:42be540dt,0194b473-2ab3-778f-89ee-236e803f3c8e,30
2025-11-03T18:05:28.278Z,signal:1762193205389:wvol0szfc,0194b473-2ab3-778f-89ee-236e803f3c8e,27
2025-11-03T18:06:03.297Z,signal:1762193243082:vdgj7s3tk,0194b473-2ab3-778f-89ee-236e803f3c8e,27
2025-11-03T18:28:42.431Z,signal:1762194568136:w8zd7zhrj,0194b473-2ab3-778f-89ee-236e803f3c8e,13
2025-11-03T18:28:42.431Z,signal:1762194526118:3kbtnx61v,0194b473-2ab3-778f-89ee-236e803f3c8e,1
2025-11-03T18:28:42.431Z,signal:1762194488210:6hq2tqcou,0194b473-2ab3-778f-89ee-236e803f3c8e,34
2025-11-03T18:28:42.431Z,signal:1762194446084:81j0j532f,0194b473-2ab3-778f-89ee-236e803f3c8e,14
2025-11-03T18:28:42.431Z,signal:1762194404130:dpebyelo3,0194b473-2ab3-778f-89ee-236e803f3c8e,34
2025-11-03T18:28:42.431Z,signal:1762194368085:wj3iimabd,0194b473-2ab3-778f-89ee-236e803f3c8e,36
2025-11-03T18:28:42.431Z,signal:1762194328109:v6hrf87t3,0194b473-2ab3-778f-89ee-236e803f3c8e,24
2025-11-03T18:28:42.431Z,signal:1762194286110:nt2heml5s,0194b473-2ab3-778f-89ee-236e803f3c8e,16
2025-11-03T18:28:42.431Z,signal:1762194244843:8usxmgtpr,0194b473-2ab3-778f-89ee-236e803f3c8e,15
2025-11-03T18:28:42.431Z,signal:1762194202234:m3kfck9bb,0194b473-2ab3-778f-89ee-236e803f3c8e,17
2025-11-03T18:28:50.997Z,signal:1762194610143:2wpi2de6l,0194b473-2ab3-778f-89ee-236e803f3c8e,21
2025-11-03T18:29:24.951Z,signal:1762194646090:amvo3iq77,0194b473-2ab3-778f-89ee-236e803f3c8e,14
2025-11-03T18:30:11.354Z,signal:1762194689149:ean8nnkpz,0194b473-2ab3-778f-89ee-236e803f3c8e,14
2025-11-03T18:30:44.002Z,signal:1762194724107:w4q38w4aw,0194b473-2ab3-778f-89ee-236e803f3c8e,33
2025-11-03T18:31:28.868Z,signal:1762194766181:s8h4ytvks,0194b473-2ab3-778f-89ee-236e803f3c8e,19
2025-11-03T18:32:06.782Z,signal:1762194808109:jfdj6wizz,0194b473-2ab3-778f-89ee-236e803f3c8e,9
2025-11-03T18:32:50.133Z,signal:1762194848076:gny6pkoqg,0194b473-2ab3-778f-89ee-236e803f3c8e,31
2025-11-03T18:33:30.208Z,signal:1762194889117:gnmwqsviw,0194b473-2ab3-778f-89ee-236e803f3c8e,3
2025-11-03T18:34:10.239Z,signal:1762194930061:v1x081g5n,0194b473-2ab3-778f-89ee-236e803f3c8e,15
2025-11-03T18:34:55.285Z,signal:1762194975148:n530y9m4s,0194b473-2ab3-778f-89ee-236e803f3c8e,20
2025-11-03T18:35:35.327Z,signal:1762195016185:lfeecqvy8,0194b473-2ab3-778f-89ee-236e803f3c8e,24
2025-11-03T18:36:20.619Z,signal:1762195057168:5wqm1qi7q,0194b473-2ab3-778f-89ee-236e803f3c8e,25
2025-11-03T18:36:59.274Z,signal:1762195096071:2e75ioj9h,0194b473-2ab3-778f-89ee-236e803f3c8e,25
2025-11-03T18:37:39.312Z,signal:1762195136135:wap7knjxo,0194b473-2ab3-778f-89ee-236e803f3c8e,4
2025-11-03T18:38:19.372Z,signal:1762195177815:xdjtwcfjm,0194b473-2ab3-778f-89ee-236e803f3c8e,29
2025-11-03T18:38:59.411Z,signal:1762195216077:8d79ynprg,0194b473-2ab3-778f-89ee-236e803f3c8e,13
2025-11-03T18:39:39.469Z,signal:1762195256076:7p7htj70z,0194b473-2ab3-778f-89ee-236e803f3c8e,6
2025-11-03T18:40:39.539Z,signal:1762195319146:jsd8hm5q9,0194b473-2ab3-778f-89ee-236e803f3c8e,8
2025-11-03T18:41:19.573Z,signal:1762195357057:1xh33m7ic,0194b473-2ab3-778f-89ee-236e803f3c8e,31
2025-11-03T18:41:57.690Z,signal:1762195397078:pz4zempdn,0194b473-2ab3-778f-89ee-236e803f3c8e,4
2025-11-03T18:42:37.748Z,signal:1762195437047:ghild79gc,0194b473-2ab3-778f-89ee-236e803f3c8e,15
2025-11-03T18:43:17.803Z,signal:1762195477049:3m1cc8rw9,0194b473-2ab3-778f-89ee-236e803f3c8e,1
2025-11-03T18:43:57.862Z,signal:1762195515066:2rsnhlyum,0194b473-2ab3-778f-89ee-236e803f3c8e,35
2025-11-03T18:44:32.906Z,signal:1762195552185:rzvcy90lb,0194b473-2ab3-778f-89ee-236e803f3c8e,32
2025-11-03T18:47:52.120Z,signal:1762195747087:exsl7w4jz,0194b473-2ab3-778f-89ee-236e803f3c8e,10
2025-11-03T18:47:52.120Z,signal:1762195708120:4ati83f2a,0194b473-2ab3-778f-89ee-236e803f3c8e,10
2025-11-03T18:47:52.120Z,signal:1762195670234:j2l8pcbj4,0194b473-2ab3-778f-89ee-236e803f3c8e,0
2025-11-03T18:47:52.120Z,signal:1762195630077:do5d1xfwe,0194b473-2ab3-778f-89ee-236e803f3c8e,30
2025-11-03T18:47:52.120Z,signal:1762195592093:2wjwowjs9,0194b473-2ab3-778f-89ee-236e803f3c8e,22
2025-11-03T18:48:26.756Z,signal:1762195787190:7o7gjx4vj,0194b473-2ab3-778f-89ee-236e803f3c8e,0
2025-11-03T18:49:06.810Z,signal:1762195828086:z424l9d19,0194b473-2ab3-778f-89ee-236e803f3c8e,21
2025-11-03T18:49:46.863Z,signal:1762195865134:gfqn8rm72,0194b473-2ab3-778f-89ee-236e803f3c8e,20
2025-11-03T18:50:21.912Z,signal:1762195903092:s22kyazw3,0194b473-2ab3-778f-89ee-236e803f3c8e,3
2025-11-03T18:51:01.364Z,signal:1762195942072:s1ad0rehw,0194b473-2ab3-778f-89ee-236e803f3c8e,11
2025-11-03T18:51:41.427Z,signal:1762195982087:pbqfqx95l,0194b473-2ab3-778f-89ee-236e803f3c8e,3
2025-11-03T18:52:21.474Z,signal:1762196022048:rhfeweaui,0194b473-2ab3-778f-89ee-236e803f3c8e,36
2025-11-03T18:53:01.518Z,signal:1762196059089:cd7829j26,0194b473-2ab3-778f-89ee-236e803f3c8e,6
2025-11-03T18:53:41.577Z,signal:1762196099086:c9c354kkn,0194b473-2ab3-778f-89ee-236e803f3c8e,23
2025-11-03T18:54:21.645Z,signal:1762196139173:loaxf0jrf,0194b473-2ab3-778f-89ee-236e803f3c8e,35
2025-11-03T18:54:56.689Z,signal:1762196177071:imu5s6slr,0194b473-2ab3-778f-89ee-236e803f3c8e,10
2025-11-03T18:55:36.748Z,signal:1762196217102:x1matv6gm,0194b473-2ab3-778f-89ee-236e803f3c8e,34
2025-11-03T18:56:16.797Z,signal:1762196257047:mo1e9bvm9,0194b473-2ab3-778f-89ee-236e803f3c8e,28
2025-11-03T18:56:56.843Z,signal:1762196295194:96vwddqo3,0194b473-2ab3-778f-89ee-236e803f3c8e,12
2025-11-03T18:57:31.897Z,signal:1762196332247:x944qz548,0194b473-2ab3-778f-89ee-236e803f3c8e,13
2025-11-03T18:58:11.959Z,signal:1762196369065:0sz0wemca,0194b473-2ab3-778f-89ee-236e803f3c8e,10
2025-11-03T18:58:52.011Z,signal:1762196409089:9dmz9e18t,0194b473-2ab3-778f-89ee-236e803f3c8e,17
2025-11-03T18:59:32.029Z,signal:1762196449153:hwnw45lrj,0194b473-2ab3-778f-89ee-236e803f3c8e,18
2025-11-03T19:00:12.058Z,signal:1762196488840:ad28dibl2,0194b473-2ab3-778f-89ee-236e803f3c8e,11
2025-11-03T19:00:47.107Z,signal:1762196525097:x9pl1pwfc,0194b473-2ab3-778f-89ee-236e803f3c8e,20
2025-11-03T19:01:27.154Z,signal:1762196565071:jn9f7ymzu,0194b473-2ab3-778f-89ee-236e803f3c8e,26
2025-11-03T19:02:07.204Z,signal:1762196604090:o2rx5zmtn,0194b473-2ab3-778f-89ee-236e803f3c8e,32
2025-11-03T19:02:42.233Z,signal:1762196641843:b160udool,0194b473-2ab3-778f-89ee-236e803f3c8e,8
2025-11-03T19:03:17.277Z,signal:1762196677063:eian0ni5i,0194b473-2ab3-778f-89ee-236e803f3c8e,15
2025-11-03T19:03:57.354Z,signal:1762196716115:khidd54u9,0194b473-2ab3-778f-89ee-236e803f3c8e,19
2025-11-03T19:04:32.409Z,signal:1762196753061:emyk5ejr2,0194b473-2ab3-778f-89ee-236e803f3c8e,16
2025-11-03T19:05:12.487Z,signal:1762196791132:isdfs7r1l,0194b473-2ab3-778f-89ee-236e803f3c8e,17
2025-11-03T19:05:47.527Z,signal:1762196827112:feld61hwk,0194b473-2ab3-778f-89ee-236e803f3c8e,33
2025-11-03T19:06:27.579Z,signal:1762196866143:2zlit8ri5,0194b473-2ab3-778f-89ee-236e803f3c8e,0
2025-11-03T19:07:02.954Z,signal:1762196903200:z6zih6z4g,0194b473-2ab3-778f-89ee-236e803f3c8e,18
2025-11-03T19:07:42.991Z,signal:1762196942081:5a9pctfm3,0194b473-2ab3-778f-89ee-236e803f3c8e,29
2025-11-03T19:08:18.054Z,signal:1762196978094:zfzobb62f,0194b473-2ab3-778f-89ee-236e803f3c8e,13
2025-11-03T19:08:58.103Z,signal:1762197019093:oxp8l6npo,0194b473-2ab3-778f-89ee-236e803f3c8e,35
2025-11-03T19:10:08.154Z,signal:1762197087073:4aphcpznk,0194b473-2ab3-778f-89ee-236e803f3c8e,28
2025-11-03T19:10:48.190Z,signal:1762197126103:n7azg8mls,0194b473-2ab3-778f-89ee-236e803f3c8e,11
2025-11-03T19:11:23.227Z,signal:1762197160065:ebku1v7dr,0194b473-2ab3-778f-89ee-236e803f3c8e,2
2025-11-03T19:11:58.255Z,signal:1762197198193:k0x9j62az,0194b473-2ab3-778f-89ee-236e803f3c8e,7
2025-11-03T19:12:38.307Z,signal:1762197238055:hvz0klriy,0194b473-2ab3-778f-89ee-236e803f3c8e,19
2025-11-03T19:13:13.322Z,signal:1762197274055:0bru947dp,0194b473-2ab3-778f-89ee-236e803f3c8e,6
2025-11-03T19:13:53.351Z,signal:1762197310100:p9wgojao3,0194b473-2ab3-778f-89ee-236e803f3c8e,28
2025-11-03T19:14:28.397Z,signal:1762197345856:cbku4t2f3,0194b473-2ab3-778f-89ee-236e803f3c8e,28
2025-11-03T19:15:03.419Z,signal:1762197384063:26oxozxlc,0194b473-2ab3-778f-89ee-236e803f3c8e,23
2025-11-03T19:15:41.543Z,signal:1762197422078:y5iierme6,0194b473-2ab3-778f-89ee-236e803f3c8e,31
2025-11-03T19:16:18.033Z,signal:1762197455849:ejmuva4js,0194b473-2ab3-778f-89ee-236e803f3c8e,6
2025-11-03T19:16:52.621Z,signal:1762197490064:zctaw1p6x,0194b473-2ab3-778f-89ee-236e803f3c8e,25
2025-11-03T19:17:27.678Z,signal:1762197527070:0sfvxe9r4,0194b473-2ab3-778f-89ee-236e803f3c8e,1
2025-11-03T19:18:07.706Z,signal:1762197566111:jrzxgnwnd,0194b473-2ab3-778f-89ee-236e803f3c8e,12
2025-11-03T19:18:42.727Z,signal:1762197601128:3jfqg4at6,0194b473-2ab3-778f-89ee-236e803f3c8e,10
2025-11-03T19:19:17.760Z,signal:1762197637061:wifkwga5r,0194b473-2ab3-778f-89ee-236e803f3c8e,25
2025-11-03T19:19:52.824Z,signal:1762197673101:2n43mv3w3,0194b473-2ab3-778f-89ee-236e803f3c8e,9
2025-11-03T19:20:32.865Z,signal:1762197711245:fhdionybt,0194b473-2ab3-778f-89ee-236e803f3c8e,8
2025-11-03T19:21:07.869Z,signal:1762197749065:nos503nrz,0194b473-2ab3-778f-89ee-236e803f3c8e,14
2025-11-03T19:21:47.912Z,signal:1762197789051:8la22cqa8,0194b473-2ab3-778f-89ee-236e803f3c8e,29
2025-11-03T19:22:27.970Z,signal:1762197827071:jnfq04cb6,0194b473-2ab3-778f-89ee-236e803f3c8e,22
2025-11-03T19:23:08.023Z,signal:1762197867060:q0mfyrcpd,0194b473-2ab3-778f-89ee-236e803f3c8e,13
2025-11-03T19:23:48.084Z,signal:1762197905121:d12nh32lt,0194b473-2ab3-778f-89ee-236e803f3c8e,23
2025-11-03T19:24:23.121Z,signal:1762197942135:5swr7qp2l,0194b473-2ab3-778f-89ee-236e803f3c8e,10
2025-11-03T19:25:03.175Z,signal:1762197982099:z1ly03o9b,0194b473-2ab3-778f-89ee-236e803f3c8e,23
2025-11-03T19:25:38.217Z,signal:1762198019292:u1wntoo5u,0194b473-2ab3-778f-89ee-236e803f3c8e,21
2025-11-03T19:26:18.258Z,signal:1762198056111:s08dvnw0j,0194b473-2ab3-778f-89ee-236e803f3c8e,30
2025-11-03T19:26:56.530Z,signal:1762198094856:fq3gjp9s3,0194b473-2ab3-778f-89ee-236e803f3c8e,1
2025-11-03T19:27:31.097Z,signal:1762198132080:sxjbdtxzp,0194b473-2ab3-778f-89ee-236e803f3c8e,16
2025-11-03T19:28:11.141Z,signal:1762198171137:ftxudq9lb,0194b473-2ab3-778f-89ee-236e803f3c8e,27
2025-11-03T19:28:46.190Z,signal:1762198206179:vp7zp4u02,0194b473-2ab3-778f-89ee-236e803f3c8e,7
2025-11-03T19:29:26.223Z,signal:1762198244117:qunae5vwc,0194b473-2ab3-778f-89ee-236e803f3c8e,34
2025-11-03T19:30:06.249Z,signal:1762198282814:th58q0goq,0194b473-2ab3-778f-89ee-236e803f3c8e,23
2025-11-03T19:30:41.278Z,signal:1762198320091:075t313zj,0194b473-2ab3-778f-89ee-236e803f3c8e,20
2025-11-03T19:31:21.304Z,signal:1762198357835:msi2q1fs6,0194b473-2ab3-778f-89ee-236e803f3c8e,4
2025-11-03T19:31:51.331Z,signal:1762198392117:r8rfjh5zq,0194b473-2ab3-778f-89ee-236e803f3c8e,20
2025-11-03T19:32:31.343Z,signal:1762198430073:q0zjkatac,0194b473-2ab3-778f-89ee-236e803f3c8e,29
2025-11-03T19:33:11.374Z,signal:1762198468131:xnsbqa7v4,0194b473-2ab3-778f-89ee-236e803f3c8e,28
2025-11-03T19:33:46.408Z,signal:1762198504116:sb2sfv8ae,0194b473-2ab3-778f-89ee-236e803f3c8e,6
2025-11-03T19:34:21.445Z,signal:1762198540052:pxa1dsbic,0194b473-2ab3-778f-89ee-236e803f3c8e,34
2025-11-03T19:34:56.473Z,signal:1762198577122:rq09bab5k,0194b473-2ab3-778f-89ee-236e803f3c8e,12
2025-11-03T19:35:36.498Z,signal:1762198614059:kly90fsev,0194b473-2ab3-778f-89ee-236e803f3c8e,5
2025-11-03T19:36:11.535Z,signal:1762198652077:j5jw499kp,0194b473-2ab3-778f-89ee-236e803f3c8e,4
2025-11-03T19:36:51.569Z,signal:1762198688057:epfxiaz9j,0194b473-2ab3-778f-89ee-236e803f3c8e,14
2025-11-03T19:37:31.611Z,signal:1762198728076:mdus1wjl2,0194b473-2ab3-778f-89ee-236e803f3c8e,36
2025-11-03T19:38:06.668Z,signal:1762198766052:xq0kfl37n,0194b473-2ab3-778f-89ee-236e803f3c8e,33
2025-11-03T19:38:41.709Z,signal:1762198801167:mp1xcj31s,0194b473-2ab3-778f-89ee-236e803f3c8e,31
2025-11-03T19:39:21.752Z,signal:1762198838175:ardpogisa,0194b473-2ab3-778f-89ee-236e803f3c8e,34
2025-11-03T19:39:56.791Z,signal:1762198874859:4tfje2zdd,0194b473-2ab3-778f-89ee-236e803f3c8e,20
2025-11-03T19:40:36.831Z,signal:1762198914175:xca4wulk3,0194b473-2ab3-778f-89ee-236e803f3c8e,3
2025-11-03T19:41:51.897Z,signal:1762198989211:r0nclnxgx,0194b473-2ab3-778f-89ee-236e803f3c8e,20
2025-11-03T19:42:31.944Z,signal:1762199031054:r90jyh2we,0194b473-2ab3-778f-89ee-236e803f3c8e,21
2025-11-03T19:43:11.999Z,signal:1762199071057:ceo8r5jws,0194b473-2ab3-778f-89ee-236e803f3c8e,18
2025-11-03T19:43:52.040Z,signal:1762199109066:6oyhd2r6a,0194b473-2ab3-778f-89ee-236e803f3c8e,35
2025-11-03T19:44:32.064Z,signal:1762199149055:wjgp9ub93,0194b473-2ab3-778f-89ee-236e803f3c8e,29
2025-11-03T19:45:12.096Z,signal:1762199189091:ukxfnntes,0194b473-2ab3-778f-89ee-236e803f3c8e,10
2025-11-03T19:45:52.111Z,signal:1762199230041:55uommzt5,0194b473-2ab3-778f-89ee-236e803f3c8e,3
2025-11-03T19:46:32.156Z,signal:1762199270083:f7f9o5ixq,0194b473-2ab3-778f-89ee-236e803f3c8e,17
2025-11-03T19:47:07.191Z,signal:1762199308244:dt20r33p4,0194b473-2ab3-778f-89ee-236e803f3c8e,16
2025-11-03T19:47:52.255Z,signal:1762199350083:urbiqih3j,0194b473-2ab3-778f-89ee-236e803f3c8e,12
2025-11-03T19:48:27.308Z,signal:1762199388146:reh6d2exz,0194b473-2ab3-778f-89ee-236e803f3c8e,36
2025-11-03T19:49:07.388Z,signal:1762199424050:8w5r8cg75,0194b473-2ab3-778f-89ee-236e803f3c8e,6
2025-11-03T19:49:47.459Z,signal:1762199464080:zbry4hnei,0194b473-2ab3-778f-89ee-236e803f3c8e,18
2025-11-03T19:50:27.512Z,signal:1762199504811:5ck5344rd,0194b473-2ab3-778f-89ee-236e803f3c8e,0
2025-11-03T19:51:02.583Z,signal:1762199543061:mqte96ycv,0194b473-2ab3-778f-89ee-236e803f3c8e,14
2025-11-03T19:51:47.647Z,signal:1762199586061:ztuv7tj8h,0194b473-2ab3-778f-89ee-236e803f3c8e,36
2025-11-03T19:52:22.720Z,signal:1762199620183:n00vc10tl,0194b473-2ab3-778f-89ee-236e803f3c8e,15
2025-11-03T19:53:02.769Z,signal:1762199661050:w903a7rz8,0194b473-2ab3-778f-89ee-236e803f3c8e,33
2025-11-03T19:53:42.817Z,signal:1762199703212:rxpy7lmet,0194b473-2ab3-778f-89ee-236e803f3c8e,2
2025-11-03T19:54:22.879Z,signal:1762199741028:k4jdewkxi,0194b473-2ab3-778f-89ee-236e803f3c8e,14
2025-11-03T19:54:57.936Z,signal:1762199778094:28s4n24au,0194b473-2ab3-778f-89ee-236e803f3c8e,24
2025-11-03T19:55:37.992Z,signal:1762199819119:lyvrfooa3,0194b473-2ab3-778f-89ee-236e803f3c8e,35
2025-11-03T19:56:18.042Z,signal:1762199858065:pjh7ijos7,0194b473-2ab3-778f-89ee-236e803f3c8e,7
2025-11-03T19:56:58.097Z,signal:1762199898081:fsx5gxqo3,0194b473-2ab3-778f-89ee-236e803f3c8e,30
2025-11-03T19:57:38.192Z,signal:1762199935158:2vm3o5pgi,0194b473-2ab3-778f-89ee-236e803f3c8e,18
2025-11-03T19:58:13.265Z,signal:1762199972162:ko8r57nrw,0194b473-2ab3-778f-89ee-236e803f3c8e,11
2025-11-03T19:58:48.480Z,signal:1762200009103:zajc8sfs9,0194b473-2ab3-778f-89ee-236e803f3c8e,10
2025-11-03T19:59:28.397Z,signal:1762200046222:69dvp9cau,0194b473-2ab3-778f-89ee-236e803f3c8e,3
2025-11-03T20:00:08.424Z,signal:1762200088146:j7ht0xnvk,0194b473-2ab3-778f-89ee-236e803f3c8e,10
2025-11-03T20:00:48.494Z,signal:1762200126073:7742tsxzw,0194b473-2ab3-778f-89ee-236e803f3c8e,4
2025-11-03T20:01:23.554Z,signal:1762200163100:9rbxwndfi,0194b473-2ab3-778f-89ee-236e803f3c8e,13
2025-11-03T20:02:03.623Z,signal:1762200203093:s69kfollm,0194b473-2ab3-778f-89ee-236e803f3c8e,21
2025-11-03T20:02:43.673Z,signal:1762200240191:bzdju6nyw,0194b473-2ab3-778f-89ee-236e803f3c8e,12
2025-11-03T20:03:23.728Z,signal:1762200280091:gtgioepe2,0194b473-2ab3-778f-89ee-236e803f3c8e,27
2025-11-03T20:04:03.782Z,signal:1762200321103:k1bbpvf8c,0194b473-2ab3-778f-89ee-236e803f3c8e,31
2025-11-03T20:04:43.854Z,signal:1762200362123:d1rew3x7z,0194b473-2ab3-778f-89ee-236e803f3c8e,23
2025-11-03T20:05:23.920Z,signal:1762200403159:5me093k18,0194b473-2ab3-778f-89ee-236e803f3c8e,2
2025-11-03T20:06:03.980Z,signal:1762200441098:hgmmm14s3,0194b473-2ab3-778f-89ee-236e803f3c8e,26
2025-11-03T20:06:39.026Z,signal:1762200477117:9c052jnp7,0194b473-2ab3-778f-89ee-236e803f3c8e,10
2025-11-03T20:07:14.082Z,signal:1762200512071:ys43gj3y2,0194b473-2ab3-778f-89ee-236e803f3c8e,5
2025-11-03T20:07:54.509Z,signal:1762200551076:bsq482mri,0194b473-2ab3-778f-89ee-236e803f3c8e,20
2025-11-03T20:08:54.251Z,signal:1762200612563:c4e6a5hyu,0194b473-2ab3-778f-89ee-236e803f3c8e,26
2025-11-03T20:09:29.411Z,signal:1762200647351:6oqcjmc03,0194b473-2ab3-778f-89ee-236e803f3c8e,12
2025-11-03T20:10:04.501Z,signal:1762200682407:nvmudh9ph,0194b473-2ab3-778f-89ee-236e803f3c8e,16
2025-11-03T20:10:39.644Z,signal:1762200719530:rkr9apn9h,0194b473-2ab3-778f-89ee-236e803f3c8e,21
2025-11-03T20:11:14.499Z,signal:1762200755211:agt2392if,0194b473-2ab3-778f-89ee-236e803f3c8e,32
2025-11-03T20:11:54.642Z,signal:1762200791166:jlotvh9vm,0194b473-2ab3-778f-89ee-236e803f3c8e,15
2025-11-03T20:12:24.654Z,signal:1762200823921:mrxoklqkf,0194b473-2ab3-778f-89ee-236e803f3c8e,20
2025-11-03T20:12:59.703Z,signal:1762200860285:ysh5rnxsi,0194b473-2ab3-778f-89ee-236e803f3c8e,13
2025-11-03T20:13:40.226Z,signal:1762200896164:vfncu1xf8,0194b473-2ab3-778f-89ee-236e803f3c8e,2
2025-11-03T20:14:14.855Z,signal:1762200931527:7ghsa5osx,0194b473-2ab3-778f-89ee-236e803f3c8e,28
2025-11-03T20:14:50.075Z,signal:1762200966182:9uta8o4t6,0194b473-2ab3-778f-89ee-236e803f3c8e,2
2025-11-03T20:15:24.980Z,signal:1762201002342:ejf7kpftk,0194b473-2ab3-778f-89ee-236e803f3c8e,28
2025-11-03T20:16:00.360Z,signal:1762201037252:gb15idb8m,0194b473-2ab3-778f-89ee-236e803f3c8e,30
2025-11-03T20:16:35.218Z,signal:1762201071931:x3e93t8ew,0194b473-2ab3-778f-89ee-236e803f3c8e,0
2025-11-03T20:17:10.092Z,signal:1762201111239:ugzx28jal,0194b473-2ab3-778f-89ee-236e803f3c8e,22
2025-11-03T20:17:45.150Z,signal:1762201143269:ebgaw6haj,0194b473-2ab3-778f-89ee-236e803f3c8e,19
2025-11-03T20:18:15.185Z,signal:1762201176241:qwnt8ljxa,0194b473-2ab3-778f-89ee-236e803f3c8e,17
2025-11-03T20:18:50.257Z,signal:1762201210102:c6u35xc98,0194b473-2ab3-778f-89ee-236e803f3c8e,15
2025-11-03T20:19:25.322Z,signal:1762201245070:tx7ya57td,0194b473-2ab3-778f-89ee-236e803f3c8e,24
2025-11-03T20:20:00.385Z,signal:1762201280083:16xwyoxnt,0194b473-2ab3-778f-89ee-236e803f3c8e,30
2025-11-03T20:20:35.430Z,signal:1762201312814:90ln88osl,0194b473-2ab3-778f-89ee-236e803f3c8e,4
2025-11-03T20:21:05.482Z,signal:1762201346091:5obsmexk2,0194b473-2ab3-778f-89ee-236e803f3c8e,28
2025-11-03T20:21:45.870Z,signal:1762201386219:lmvsmvl6a,0194b473-2ab3-778f-89ee-236e803f3c8e,10
2025-11-03T20:22:25.618Z,signal:1762201422059:h03dti2ss,0194b473-2ab3-778f-89ee-236e803f3c8e,2
2025-11-03T20:23:00.673Z,signal:1762201457131:lwho7ky6h,0194b473-2ab3-778f-89ee-236e803f3c8e,2
2025-11-03T20:23:35.720Z,signal:1762201494107:jfug0datr,0194b473-2ab3-778f-89ee-236e803f3c8e,3
2025-11-03T20:24:15.763Z,signal:1762201534069:x1p3t9t5m,0194b473-2ab3-778f-89ee-236e803f3c8e,33
2025-11-03T20:24:50.817Z,signal:1762201569871:krfugqg8y,0194b473-2ab3-778f-89ee-236e803f3c8e,26
2025-11-03T20:25:30.867Z,signal:1762201609195:lp92h5vsa,0194b473-2ab3-778f-89ee-236e803f3c8e,19
2025-11-03T20:26:05.940Z,signal:1762201646075:jpr9p8es5,0194b473-2ab3-778f-89ee-236e803f3c8e,31
2025-11-03T20:26:45.998Z,signal:1762201685222:62toutd8t,0194b473-2ab3-778f-89ee-236e803f3c8e,2
2025-11-03T20:27:21.070Z,signal:1762201722079:je46r42g0,0194b473-2ab3-778f-89ee-236e803f3c8e,20
2025-11-03T20:28:01.137Z,signal:1762201759222:4g1rrl654,0194b473-2ab3-778f-89ee-236e803f3c8e,32
2025-11-03T20:28:36.196Z,signal:1762201796055:vk0dquitk,0194b473-2ab3-778f-89ee-236e803f3c8e,15
2025-11-03T20:29:16.273Z,signal:1762201834099:05215aq5b,0194b473-2ab3-778f-89ee-236e803f3c8e,7
2025-11-03T20:29:46.324Z,signal:1762201867112:ryefu90i3,0194b473-2ab3-778f-89ee-236e803f3c8e,17
2025-11-03T20:30:26.380Z,signal:1762201903258:gtotswmys,0194b473-2ab3-778f-89ee-236e803f3c8e,17
2025-11-03T20:31:01.432Z,signal:1762201937935:hpvm1eirz,0194b473-2ab3-778f-89ee-236e803f3c8e,20
2025-11-03T20:31:36.498Z,signal:1762201974072:edrghnzqz,0194b473-2ab3-778f-89ee-236e803f3c8e,13
2025-11-03T20:32:11.535Z,signal:1762202012192:so400ba5j,0194b473-2ab3-778f-89ee-236e803f3c8e,27
2025-11-03T20:32:51.594Z,signal:1762202049098:kqdr8e9p5,0194b473-2ab3-778f-89ee-236e803f3c8e,18
2025-11-03T20:33:31.640Z,signal:1762202088227:k07no57t6,0194b473-2ab3-778f-89ee-236e803f3c8e,15
2025-11-03T20:34:06.686Z,signal:1762202124071:jvisi6s2x,0194b473-2ab3-778f-89ee-236e803f3c8e,35
2025-11-03T20:34:41.725Z,signal:1762202161096:8tkv6z2du,0194b473-2ab3-778f-89ee-236e803f3c8e,33
2025-11-03T20:35:21.767Z,signal:1762202199079:duy6i6vdd,0194b473-2ab3-778f-89ee-236e803f3c8e,14
2025-11-03T20:35:56.835Z,signal:1762202237114:oif6znf3w,0194b473-2ab3-778f-89ee-236e803f3c8e,23
2025-11-03T20:36:36.892Z,signal:1762202275056:kkes4tub7,0194b473-2ab3-778f-89ee-236e803f3c8e,5
2025-11-03T20:37:11.928Z,signal:1762202311173:wn3a8ckon,0194b473-2ab3-778f-89ee-236e803f3c8e,1
2025-11-03T20:37:46.991Z,signal:1762202348077:gd28pwld2,0194b473-2ab3-778f-89ee-236e803f3c8e,30
2025-11-03T20:38:27.068Z,signal:1762202384096:ma9sst0j6,0194b473-2ab3-778f-89ee-236e803f3c8e,8
2025-11-03T20:39:02.143Z,signal:1762202421184:fgg02go5e,0194b473-2ab3-778f-89ee-236e803f3c8e,11
2025-11-03T20:40:22.241Z,signal:1762202502084:vwwrrblzm,0194b473-2ab3-778f-89ee-236e803f3c8e,23
2025-11-03T20:41:02.299Z,signal:1762202539387:21vyzwo2s,0194b473-2ab3-778f-89ee-236e803f3c8e,10
2025-11-03T20:41:37.359Z,signal:1762202578088:t7eyjcpy7,0194b473-2ab3-778f-89ee-236e803f3c8e,19
2025-11-03T20:42:17.410Z,signal:1762202618078:q9uxyzy0c,0194b473-2ab3-778f-89ee-236e803f3c8e,36
2025-11-03T20:42:57.495Z,signal:1762202657228:deiyhxvfk,0194b473-2ab3-778f-89ee-236e803f3c8e,16
2025-11-03T20:43:37.546Z,signal:1762202696055:gm27tsveo,0194b473-2ab3-778f-89ee-236e803f3c8e,18
2025-11-03T20:44:17.615Z,signal:1762202735096:lo76ihshk,0194b473-2ab3-778f-89ee-236e803f3c8e,8
2025-11-03T20:44:52.652Z,signal:1762202771841:ciesa704g,0194b473-2ab3-778f-89ee-236e803f3c8e,36
2025-11-03T20:45:32.710Z,signal:1762202810132:21wtsy0zs,0194b473-2ab3-778f-89ee-236e803f3c8e,17
2025-11-03T20:46:07.754Z,signal:1762202847132:qe7cyy695,0194b473-2ab3-778f-89ee-236e803f3c8e,36
2025-11-03T20:46:47.787Z,signal:1762202886216:5y0hcuyzl,0194b473-2ab3-778f-89ee-236e803f3c8e,35
2025-11-03T20:47:27.859Z,signal:1762202924203:udlrxfcvp,0194b473-2ab3-778f-89ee-236e803f3c8e,23
2025-11-03T20:48:02.913Z,signal:1762202963243:hbu49bokr,0194b473-2ab3-778f-89ee-236e803f3c8e,23
2025-11-03T20:48:42.945Z,signal:1762203001166:uve3fg37f,0194b473-2ab3-778f-89ee-236e803f3c8e,18
2025-11-03T20:49:17.996Z,signal:1762203038106:chrn0v07z,0194b473-2ab3-778f-89ee-236e803f3c8e,11
2025-11-03T20:49:58.064Z,signal:1762203075817:0373fsah3,0194b473-2ab3-778f-89ee-236e803f3c8e,20
2025-11-03T20:50:33.119Z,signal:1762203114096:boiph0pua,0194b473-2ab3-778f-89ee-236e803f3c8e,1
2025-11-03T20:51:13.190Z,signal:1762203150067:786putqgt,0194b473-2ab3-778f-89ee-236e803f3c8e,10
2025-11-03T20:51:48.234Z,signal:1762203185071:vkdr9sgnb,0194b473-2ab3-778f-89ee-236e803f3c8e,24
2025-11-03T20:52:28.294Z,signal:1762203226086:awfy935ux,0194b473-2ab3-778f-89ee-236e803f3c8e,9
2025-11-03T20:53:08.329Z,signal:1762203266057:a6vsktc04,0194b473-2ab3-778f-89ee-236e803f3c8e,10
2025-11-03T20:53:48.395Z,signal:1762203305082:bdjwt7but,0194b473-2ab3-778f-89ee-236e803f3c8e,8
2025-11-03T20:54:23.437Z,signal:1762203343133:lk268nuxg,0194b473-2ab3-778f-89ee-236e803f3c8e,13
2025-11-03T20:55:03.506Z,signal:1762203382105:vtb5jd7pb,0194b473-2ab3-778f-89ee-236e803f3c8e,29
2025-11-03T20:55:43.569Z,signal:1762203420236:pa4g22n11,0194b473-2ab3-778f-89ee-236e803f3c8e,36
2025-11-03T20:56:18.633Z,signal:1762203459065:wcdhpdm9j,0194b473-2ab3-778f-89ee-236e803f3c8e,30
2025-11-03T20:56:58.695Z,signal:1762203498043:3hln7d97b,0194b473-2ab3-778f-89ee-236e803f3c8e,36
2025-11-03T20:57:38.755Z,signal:1762203538079:mm028scah,0194b473-2ab3-778f-89ee-236e803f3c8e,27
2025-11-03T20:58:18.831Z,signal:1762203576063:wu7wcfrah,0194b473-2ab3-778f-89ee-236e803f3c8e,15
2025-11-03T20:58:53.861Z,signal:1762203614165:0j9cyd262,0194b473-2ab3-778f-89ee-236e803f3c8e,16
2025-11-03T20:59:33.933Z,signal:1762203651056:imwjerl6u,0194b473-2ab3-778f-89ee-236e803f3c8e,29
2025-11-03T21:00:08.982Z,signal:1762203690157:vyny9vsdm,0194b473-2ab3-778f-89ee-236e803f3c8e,4
2025-11-03T21:00:49.040Z,signal:1762203727066:rfz9db7m1,0194b473-2ab3-778f-89ee-236e803f3c8e,15
2025-11-03T21:01:24.104Z,signal:1762203765102:k2pqrmi1z,0194b473-2ab3-778f-89ee-236e803f3c8e,30
2025-11-03T21:02:04.174Z,signal:1762203803833:n3o1tj8hi,0194b473-2ab3-778f-89ee-236e803f3c8e,14
2025-11-03T21:02:44.238Z,signal:1762203841118:2wuwjb8w0,0194b473-2ab3-778f-89ee-236e803f3c8e,15
2025-11-03T21:03:19.291Z,signal:1762203877827:dkbqhmfnm,0194b473-2ab3-778f-89ee-236e803f3c8e,11
2025-11-03T21:03:59.344Z,signal:1762203917175:awmgfngn4,0194b473-2ab3-778f-89ee-236e803f3c8e,26
2025-11-03T21:04:39.444Z,signal:1762203956057:3ju6vxo36,0194b473-2ab3-778f-89ee-236e803f3c8e,12
2025-11-03T21:05:14.461Z,signal:1762203994185:5iqne6fwy,0194b473-2ab3-778f-89ee-236e803f3c8e,5
2025-11-03T21:05:54.492Z,signal:1762204032063:bbb3w56xq,0194b473-2ab3-778f-89ee-236e803f3c8e,7
2025-11-03T21:06:34.544Z,signal:1762204071111:4ygrq658j,0194b473-2ab3-778f-89ee-236e803f3c8e,0
2025-11-03T21:07:09.622Z,signal:1762204109085:j2xttcwps,0194b473-2ab3-778f-89ee-236e803f3c8e,34
2025-11-03T21:07:49.690Z,signal:1762204148114:gkt8zc3ke,0194b473-2ab3-778f-89ee-236e803f3c8e,35
2025-11-03T21:08:29.762Z,signal:1762204187211:gm852t6cs,0194b473-2ab3-778f-89ee-236e803f3c8e,0
2025-11-03T21:09:04.814Z,signal:1762204225835:eohpk0eir,0194b473-2ab3-778f-89ee-236e803f3c8e,26
2025-11-03T21:09:44.868Z,signal:1762204263135:3cz3jf5we,0194b473-2ab3-778f-89ee-236e803f3c8e,7
2025-11-03T21:10:19.913Z,signal:1762204300106:t5imleh4g,0194b473-2ab3-778f-89ee-236e803f3c8e,19
2025-11-03T21:10:59.981Z,signal:1762204338060:fef94ws9q,0194b473-2ab3-778f-89ee-236e803f3c8e,29
2025-11-03T21:11:55.059Z,signal:1762204395082:kfvsb2ike,0194b473-2ab3-778f-89ee-236e803f3c8e,35
2025-11-03T21:12:30.110Z,signal:1762204431061:pefd69n6c,0194b473-2ab3-778f-89ee-236e803f3c8e,35
2025-11-03T21:13:10.177Z,signal:1762204467058:i0pcd9hri,0194b473-2ab3-778f-89ee-236e803f3c8e,29
2025-11-03T21:13:45.216Z,signal:1762204502184:6oe0mqiwo,0194b473-2ab3-778f-89ee-236e803f3c8e,33
2025-11-03T21:14:20.258Z,signal:1762204538246:ed3or8lnx,0194b473-2ab3-778f-89ee-236e803f3c8e,12
2025-11-03T21:14:55.296Z,signal:1762204573832:4bu6p8xi6,0194b473-2ab3-778f-89ee-236e803f3c8e,22
2025-11-03T21:15:30.347Z,signal:1762204610078:h6lrgq03b,0194b473-2ab3-778f-89ee-236e803f3c8e,13
2025-11-03T21:16:05.423Z,signal:1762204646051:md0u79mru,0194b473-2ab3-778f-89ee-236e803f3c8e,0
2025-11-03T21:16:45.473Z,signal:1762204683052:rhhaloyqu,0194b473-2ab3-778f-89ee-236e803f3c8e,11
2025-11-03T21:17:20.517Z,signal:1762204720057:1o49wrizf,0194b473-2ab3-778f-89ee-236e803f3c8e,36
2025-11-03T21:17:55.572Z,signal:1762204755202:t7d4m89cd,0194b473-2ab3-778f-89ee-236e803f3c8e,4
2025-11-03T21:18:30.628Z,signal:1762204787085:1neld1bwb,0194b473-2ab3-778f-89ee-236e803f3c8e,0
2025-11-03T21:19:05.680Z,signal:1762204825120:yyh6mnmhp,0194b473-2ab3-778f-89ee-236e803f3c8e,21
2025-11-03T21:19:40.769Z,signal:1762204859076:4442od7jn,0194b473-2ab3-778f-89ee-236e803f3c8e,21
2025-11-03T21:20:15.821Z,signal:1762204896086:2asjpelns,0194b473-2ab3-778f-89ee-236e803f3c8e,24
2025-11-03T21:20:55.879Z,signal:1762204932100:yexk2qato,0194b473-2ab3-778f-89ee-236e803f3c8e,19
2025-11-03T21:21:30.933Z,signal:1762204967839:ll05cndt8,0194b473-2ab3-778f-89ee-236e803f3c8e,25
2025-11-03T21:22:00.950Z,signal:1762205001297:2npwtgmg3,0194b473-2ab3-778f-89ee-236e803f3c8e,2
2025-11-03T21:22:36.004Z,signal:1762205037092:0jwrdxpnh,0194b473-2ab3-778f-89ee-236e803f3c8e,25
2025-11-03T21:23:11.046Z,signal:1762205071175:4rev9kyg9,0194b473-2ab3-778f-89ee-236e803f3c8e,19
2025-11-03T21:23:51.126Z,signal:1762205110076:pfhrs5hov,0194b473-2ab3-778f-89ee-236e803f3c8e,32
2025-11-03T21:24:31.166Z,signal:1762205148095:wniur4bzu,0194b473-2ab3-778f-89ee-236e803f3c8e,24
2025-11-03T21:25:06.219Z,signal:1762205185082:yb8szmfzm,0194b473-2ab3-778f-89ee-236e803f3c8e,23
2025-11-03T21:25:41.269Z,signal:1762205219118:jo71paibr,0194b473-2ab3-778f-89ee-236e803f3c8e,21
2025-11-03T21:26:16.328Z,signal:1762205254038:37j7c3n17,0194b473-2ab3-778f-89ee-236e803f3c8e,30
2025-11-03T21:26:51.383Z,signal:1762205290091:eym3e5ktp,0194b473-2ab3-778f-89ee-236e803f3c8e,10
2025-11-03T21:27:26.424Z,signal:1762205326209:eqhsc63kg,0194b473-2ab3-778f-89ee-236e803f3c8e,29
2025-11-03T21:28:01.504Z,signal:1762205361082:xo72ut5p6,0194b473-2ab3-778f-89ee-236e803f3c8e,11
2025-11-03T21:28:36.583Z,signal:1762205397048:neq8evevh,0194b473-2ab3-778f-89ee-236e803f3c8e,34
2025-11-03T21:29:16.626Z,signal:1762205434130:kiv0x1k46,0194b473-2ab3-778f-89ee-236e803f3c8e,13
2025-11-03T21:29:51.690Z,signal:1762205471091:mwzhzdj66,0194b473-2ab3-778f-89ee-236e803f3c8e,18
2025-11-03T21:30:26.730Z,signal:1762205506193:wz97ihhgb,0194b473-2ab3-778f-89ee-236e803f3c8e,29
2025-11-03T21:31:06.779Z,signal:1762205543103:b0vnvxcrv,0194b473-2ab3-778f-89ee-236e803f3c8e,19
2025-11-03T21:31:41.846Z,signal:1762205579253:h7y1sby13,0194b473-2ab3-778f-89ee-236e803f3c8e,17
2025-11-03T21:32:21.902Z,signal:1762205618223:us4t5nbaa,0194b473-2ab3-778f-89ee-236e803f3c8e,20
2025-11-03T21:32:56.941Z,signal:1762205653261:wtxoq52hc,0194b473-2ab3-778f-89ee-236e803f3c8e,17
2025-11-03T21:33:31.983Z,signal:1762205691067:huy3i0mm7,0194b473-2ab3-778f-89ee-236e803f3c8e,9
2025-11-03T21:34:12.051Z,signal:1762205730059:adu284ib7,0194b473-2ab3-778f-89ee-236e803f3c8e,6
2025-11-03T21:34:52.090Z,signal:1762205769189:nu1onjjbj,0194b473-2ab3-778f-89ee-236e803f3c8e,17
2025-11-03T21:35:27.147Z,signal:1762205804098:s3rr6nob3,0194b473-2ab3-778f-89ee-236e803f3c8e,27
2025-11-03T21:36:02.205Z,signal:1762205843102:06vnalolm,0194b473-2ab3-778f-89ee-236e803f3c8e,12
2025-11-03T21:36:42.288Z,signal:1762205879081:k9wy8szr5,0194b473-2ab3-778f-89ee-236e803f3c8e,19
2025-11-03T21:37:17.328Z,signal:1762205917056:4gz32874t,0194b473-2ab3-778f-89ee-236e803f3c8e,25
2025-11-03T21:37:52.387Z,signal:1762205951071:60y8b9api,0194b473-2ab3-778f-89ee-236e803f3c8e,33
2025-11-03T21:38:32.463Z,signal:1762205990053:fa7e8nzu0,0194b473-2ab3-778f-89ee-236e803f3c8e,20
2025-11-03T21:39:07.531Z,signal:1762206026190:7ddj4rzrs,0194b473-2ab3-778f-89ee-236e803f3c8e,20
2025-11-03T21:39:42.607Z,signal:1762206062090:wdw27krqb,0194b473-2ab3-778f-89ee-236e803f3c8e,19
2025-11-03T21:40:17.651Z,signal:1762206097193:drs66g75d,0194b473-2ab3-778f-89ee-236e803f3c8e,27
2025-11-03T21:40:57.724Z,signal:1762206134191:s19zft12p,0194b473-2ab3-778f-89ee-236e803f3c8e,12
2025-11-03T21:41:32.768Z,signal:1762206170070:w5cyzbyxw,0194b473-2ab3-778f-89ee-236e803f3c8e,5
2025-11-03T21:42:07.837Z,signal:1762206207108:45ks21907,0194b473-2ab3-778f-89ee-236e803f3c8e,10
2025-11-03T21:42:42.899Z,signal:1762206243124:3juyeajvo,0194b473-2ab3-778f-89ee-236e803f3c8e,21
2025-11-03T21:43:22.947Z,signal:1762206281815:ps28mcezo,0194b473-2ab3-778f-89ee-236e803f3c8e,4
2025-11-03T21:43:58.010Z,signal:1762206317074:s4ez11kaq,0194b473-2ab3-778f-89ee-236e803f3c8e,8
2025-11-03T21:44:38.074Z,signal:1762206355812:jvqmvujrp,0194b473-2ab3-778f-89ee-236e803f3c8e,29
2025-11-03T21:45:13.117Z,signal:1762206392069:uo2qf1aj5,0194b473-2ab3-778f-89ee-236e803f3c8e,36
2025-11-03T21:45:48.173Z,signal:1762206428119:xx0f8ub5w,0194b473-2ab3-778f-89ee-236e803f3c8e,7
2025-11-03T21:46:23.212Z,signal:1762206464081:bovawzn9o,0194b473-2ab3-778f-89ee-236e803f3c8e,21
2025-11-03T21:47:03.258Z,signal:1762206501807:58gj3peo4,0194b473-2ab3-778f-89ee-236e803f3c8e,18
2025-11-03T21:47:38.315Z,signal:1762206536178:w8g26jctt,0194b473-2ab3-778f-89ee-236e803f3c8e,10
2025-11-03T21:48:18.395Z,signal:1762206575078:uh69uvfo1,0194b473-2ab3-778f-89ee-236e803f3c8e,19
2025-11-03T21:48:53.449Z,signal:1762206610072:qxutlr5pl,0194b473-2ab3-778f-89ee-236e803f3c8e,34
2025-11-03T21:49:28.527Z,signal:1762206647079:g66afn9dd,0194b473-2ab3-778f-89ee-236e803f3c8e,5
2025-11-03T21:50:03.577Z,signal:1762206683062:jbcqbdv7y,0194b473-2ab3-778f-89ee-236e803f3c8e,7
2025-11-03T21:50:43.624Z,signal:1762206721199:0aja47iaa,0194b473-2ab3-778f-89ee-236e803f3c8e,1
2025-11-03T21:51:18.675Z,signal:1762206758076:lxekhuy1b,0194b473-2ab3-778f-89ee-236e803f3c8e,6
2025-11-03T21:51:58.721Z,signal:1762206795072:pot01yv8c,0194b473-2ab3-778f-89ee-236e803f3c8e,27
2025-11-03T21:52:33.781Z,signal:1762206830845:kewnwhtz9,0194b473-2ab3-778f-89ee-236e803f3c8e,3
2025-11-03T21:53:08.820Z,signal:1762206867046:gunrczl04,0194b473-2ab3-778f-89ee-236e803f3c8e,33
2025-11-03T21:53:43.891Z,signal:1762206904089:qldwwk81k,0194b473-2ab3-778f-89ee-236e803f3c8e,11
2025-11-03T21:54:23.932Z,signal:1762206943057:jtvkjwtuy,0194b473-2ab3-778f-89ee-236e803f3c8e,33
2025-11-03T21:54:58.996Z,signal:1762206977816:gvofw05ba,0194b473-2ab3-778f-89ee-236e803f3c8e,20
2025-11-03T21:55:34.046Z,signal:1762207015077:5ipi647qo,0194b473-2ab3-778f-89ee-236e803f3c8e,3
2025-11-03T21:56:14.091Z,signal:1762207053060:sy1s5et0v,0194b473-2ab3-778f-89ee-236e803f3c8e,12
2025-11-03T21:56:54.171Z,signal:1762207091069:8aafn1077,0194b473-2ab3-778f-89ee-236e803f3c8e,4
2025-11-03T21:57:29.245Z,signal:1762207126052:71s3sxmbo,0194b473-2ab3-778f-89ee-236e803f3c8e,20
2025-11-03T21:58:04.295Z,signal:1762207165054:4p4u9h16y,0194b473-2ab3-778f-89ee-236e803f3c8e,5
2025-11-03T21:58:39.361Z,signal:1762207199074:2tfgwgbcg,0194b473-2ab3-778f-89ee-236e803f3c8e,28
2025-11-03T21:59:19.406Z,signal:1762207236069:uk0splevg,0194b473-2ab3-778f-89ee-236e803f3c8e,25
2025-11-03T21:59:54.469Z,signal:1762207274104:milknjpjg,0194b473-2ab3-778f-89ee-236e803f3c8e,23
2025-11-03T22:00:34.522Z,signal:1762207311061:2dnzvxus6,0194b473-2ab3-778f-89ee-236e803f3c8e,0
2025-11-03T22:01:04.571Z,signal:1762207344811:2ejb5khvz,0194b473-2ab3-778f-89ee-236e803f3c8e,19
2025-11-03T22:01:44.656Z,signal:1762207381252:ggnxt4ss9,0194b473-2ab3-778f-89ee-236e803f3c8e,33
2025-11-03T22:02:19.705Z,signal:1762207418113:i1o8tded2,0194b473-2ab3-778f-89ee-236e803f3c8e,13
2025-11-03T22:02:54.773Z,signal:1762207455124:847fhev2p,0194b473-2ab3-778f-89ee-236e803f3c8e,7
2025-11-03T22:03:29.826Z,signal:1762207489218:i9z9qyq9b,0194b473-2ab3-778f-89ee-236e803f3c8e,4
2025-11-03T22:04:04.882Z,signal:1762207525074:rni4ggisc,0194b473-2ab3-778f-89ee-236e803f3c8e,24
2025-11-03T22:04:44.951Z,signal:1762207562098:ddqrisga7,0194b473-2ab3-778f-89ee-236e803f3c8e,9
2025-11-03T22:05:19.998Z,signal:1762207599064:m6nvanf93,0194b473-2ab3-778f-89ee-236e803f3c8e,22
2025-11-03T22:05:55.069Z,signal:1762207636084:ac8e2gyzz,0194b473-2ab3-778f-89ee-236e803f3c8e,17
2025-11-03T22:06:35.125Z,signal:1762207674151:d4iho5mfn,0194b473-2ab3-778f-89ee-236e803f3c8e,24
2025-11-03T22:07:15.180Z,signal:1762207712076:yooou8fzg,0194b473-2ab3-778f-89ee-236e803f3c8e,11
2025-11-03T22:07:50.225Z,signal:1762207749083:gpxrcawn4,0194b473-2ab3-778f-89ee-236e803f3c8e,19
2025-11-03T22:08:30.277Z,signal:1762207787094:fqruwot4q,0194b473-2ab3-778f-89ee-236e803f3c8e,22
2025-11-03T22:09:50.363Z,signal:1762207870061:sz6u349fu,0194b473-2ab3-778f-89ee-236e803f3c8e,29
2025-11-03T22:10:30.421Z,signal:1762207909095:m0vqe3vbb,0194b473-2ab3-778f-89ee-236e803f3c8e,20
2025-11-03T22:11:10.503Z,signal:1762207948085:em4xpjit4,0194b473-2ab3-778f-89ee-236e803f3c8e,2
2025-11-03T22:11:45.554Z,signal:1762207986092:l8gcfum6m,0194b473-2ab3-778f-89ee-236e803f3c8e,19
2025-11-03T22:12:25.635Z,signal:1762208025078:vznla21nz,0194b473-2ab3-778f-89ee-236e803f3c8e,36
2025-11-03T22:13:00.695Z,signal:1762208061068:ufghv2var,0194b473-2ab3-778f-89ee-236e803f3c8e,21
2025-11-03T22:13:40.778Z,signal:1762208098105:nx3d2fu1n,0194b473-2ab3-778f-89ee-236e803f3c8e,11
2025-11-03T22:14:20.858Z,signal:1762208137044:lzh7gzndg,0194b473-2ab3-778f-89ee-236e803f3c8e,26
2025-11-03T22:14:55.887Z,signal:1762208174114:rqcp7af97,0194b473-2ab3-778f-89ee-236e803f3c8e,15
2025-11-03T22:15:30.963Z,signal:1762208212042:jhvgvb3o9,0194b473-2ab3-778f-89ee-236e803f3c8e,14
2025-11-03T22:16:11.028Z,signal:1762208249062:p293lvi5g,0194b473-2ab3-778f-89ee-236e803f3c8e,7
2025-11-03T22:16:46.096Z,signal:1762208285098:tp1vdb70o,0194b473-2ab3-778f-89ee-236e803f3c8e,15
2025-11-03T22:17:26.166Z,signal:1762208323060:6ffcv9zg2,0194b473-2ab3-778f-89ee-236e803f3c8e,22
2025-11-03T22:18:01.231Z,signal:1762208360060:mf73fp0io,0194b473-2ab3-778f-89ee-236e803f3c8e,24
2025-11-03T22:18:41.300Z,signal:1762208398119:9rkdiie8q,0194b473-2ab3-778f-89ee-236e803f3c8e,28
2025-11-03T22:19:16.325Z,signal:1762208434052:75q362zpz,0194b473-2ab3-778f-89ee-236e803f3c8e,11
2025-11-03T22:19:56.403Z,signal:1762208473089:ktxdo6ee6,0194b473-2ab3-778f-89ee-236e803f3c8e,22
2025-11-03T22:20:31.456Z,signal:1762208510069:yrkiiprlg,0194b473-2ab3-778f-89ee-236e803f3c8e,35
2025-11-03T22:21:11.511Z,signal:1762208549191:jdk2pqio0,0194b473-2ab3-778f-89ee-236e803f3c8e,3
2025-11-03T22:21:46.567Z,signal:1762208587145:7w2o1e3is,0194b473-2ab3-778f-89ee-236e803f3c8e,19
2025-11-03T22:22:26.618Z,signal:1762208625105:4qkz3uyd3,0194b473-2ab3-778f-89ee-236e803f3c8e,13
2025-11-03T22:23:06.690Z,signal:1762208663174:rien8s1j9,0194b473-2ab3-778f-89ee-236e803f3c8e,35
2025-11-03T22:23:41.752Z,signal:1762208700227:f44zf2y3i,0194b473-2ab3-778f-89ee-236e803f3c8e,28
2025-11-03T22:24:21.814Z,signal:1762208739081:wuwhryy1h,0194b473-2ab3-778f-89ee-236e803f3c8e,21
2025-11-03T22:25:01.865Z,signal:1762208778081:bhivlcnpk,0194b473-2ab3-778f-89ee-236e803f3c8e,14
2025-11-03T22:25:36.940Z,signal:1762208815066:s1rnwy6f1,0194b473-2ab3-778f-89ee-236e803f3c8e,32
2025-11-03T22:26:11.995Z,signal:1762208852200:3gmo6l904,0194b473-2ab3-778f-89ee-236e803f3c8e,26
2025-11-03T22:26:52.041Z,signal:1762208891053:2wqjh3xsa,0194b473-2ab3-778f-89ee-236e803f3c8e,30
2025-11-03T22:27:32.090Z,signal:1762208930058:rq51pe7gs,0194b473-2ab3-778f-89ee-236e803f3c8e,28
2025-11-03T22:28:07.133Z,signal:1762208967061:2p074cuv1,0194b473-2ab3-778f-89ee-236e803f3c8e,27
2025-11-03T22:28:47.199Z,signal:1762209006190:1iib6skrr,0194b473-2ab3-778f-89ee-236e803f3c8e,33
2025-11-03T22:29:27.269Z,signal:1762209044124:e95m2lutg,0194b473-2ab3-778f-89ee-236e803f3c8e,20
2025-11-03T22:30:02.307Z,signal:1762209081200:yj762wa2t,0194b473-2ab3-778f-89ee-236e803f3c8e,1
2025-11-03T22:30:42.372Z,signal:1762209120138:4gpxj7ypn,0194b473-2ab3-778f-89ee-236e803f3c8e,23
2025-11-03T22:31:22.419Z,signal:1762209159045:svq9j7n16,0194b473-2ab3-778f-89ee-236e803f3c8e,24
2025-11-03T22:31:57.471Z,signal:1762209195046:hn6rl6myy,0194b473-2ab3-778f-89ee-236e803f3c8e,21
2025-11-03T22:32:37.542Z,signal:1762209234075:sqex8xnnv,0194b473-2ab3-778f-89ee-236e803f3c8e,4
2025-11-03T22:33:12.584Z,signal:1762209272176:wddcza0gf,0194b473-2ab3-778f-89ee-236e803f3c8e,8
2025-11-03T22:33:52.640Z,signal:1762209309115:hmzueul02,0194b473-2ab3-778f-89ee-236e803f3c8e,30
2025-11-03T22:34:27.735Z,signal:1762209346054:b387zhp12,0194b473-2ab3-778f-89ee-236e803f3c8e,17
2025-11-03T22:35:07.757Z,signal:1762209384185:mfgvllcjr,0194b473-2ab3-778f-89ee-236e803f3c8e,32
2025-11-03T22:35:42.819Z,signal:1762209422107:nbk0qgrv6,0194b473-2ab3-778f-89ee-236e803f3c8e,2
2025-11-03T22:36:22.875Z,signal:1762209461194:t78if118r,0194b473-2ab3-778f-89ee-236e803f3c8e,3
2025-11-03T22:36:57.932Z,signal:1762209497167:l6rgzcune,0194b473-2ab3-778f-89ee-236e803f3c8e,13
2025-11-03T22:37:37.995Z,signal:1762209535058:f8158lvsb,0194b473-2ab3-778f-89ee-236e803f3c8e,27
2025-11-03T22:38:13.040Z,signal:1762209573081:4p1sety7f,0194b473-2ab3-778f-89ee-236e803f3c8e,22
2025-11-03T22:39:08.117Z,signal:1762209628121:5ddzw56tc,0194b473-2ab3-778f-89ee-236e803f3c8e,21
2025-11-03T22:39:43.169Z,signal:1762209663811:qo6zsx3ve,0194b473-2ab3-778f-89ee-236e803f3c8e,2
2025-11-03T22:40:18.242Z,signal:1762209697797:5s6nflwr6,0194b473-2ab3-778f-89ee-236e803f3c8e,23
2025-11-03T22:40:53.287Z,signal:1762209732068:unp2mfqmf,0194b473-2ab3-778f-89ee-236e803f3c8e,3
2025-11-03T22:41:28.352Z,signal:1762209768095:5a0c4lf64,0194b473-2ab3-778f-89ee-236e803f3c8e,15
2025-11-03T22:42:08.428Z,signal:1762209805062:6hkrig7qg,0194b473-2ab3-778f-89ee-236e803f3c8e,29
2025-11-03T22:42:43.488Z,signal:1762209843261:n729qlkeu,0194b473-2ab3-778f-89ee-236e803f3c8e,29
2025-11-03T22:43:23.553Z,signal:1762209880078:ay6lcvj7y,0194b473-2ab3-778f-89ee-236e803f3c8e,12
2025-11-03T22:43:58.607Z,signal:1762209916068:xqfm9ql4w,0194b473-2ab3-778f-89ee-236e803f3c8e,12
2025-11-03T22:44:33.653Z,signal:1762209953054:h22911k3r,0194b473-2ab3-778f-89ee-236e803f3c8e,19
2025-11-03T22:45:08.706Z,signal:1762209988125:41tmde455,0194b473-2ab3-778f-89ee-236e803f3c8e,13
2025-11-03T22:45:48.773Z,signal:1762210026061:evqatnwiu,0194b473-2ab3-778f-89ee-236e803f3c8e,29
2025-11-03T22:46:23.796Z,signal:1762210062049:vmiwc0svn,0194b473-2ab3-778f-89ee-236e803f3c8e,13
2025-11-03T22:46:58.861Z,signal:1762210097060:qunp8pjod,0194b473-2ab3-778f-89ee-236e803f3c8e,0
2025-11-03T22:47:33.927Z,signal:1762210133177:rvhr8ooi2,0194b473-2ab3-778f-89ee-236e803f3c8e,34
2025-11-03T22:48:08.996Z,signal:1762210168829:29f3t4pax,0194b473-2ab3-778f-89ee-236e803f3c8e,10
2025-11-03T22:48:44.059Z,signal:1762210205056:ptk30zs8m,0194b473-2ab3-778f-89ee-236e803f3c8e,35
2025-11-03T22:49:24.099Z,signal:1762210242041:rxbzw2w68,0194b473-2ab3-778f-89ee-236e803f3c8e,33
2025-11-03T22:49:59.141Z,signal:1762210280042:ibuc1s4pl,0194b473-2ab3-778f-89ee-236e803f3c8e,33
2025-11-03T22:50:39.208Z,signal:1762210316030:3fewz82j9,0194b473-2ab3-778f-89ee-236e803f3c8e,13
2025-11-03T22:51:14.274Z,signal:1762210353046:wwgm42drc,0194b473-2ab3-778f-89ee-236e803f3c8e,0
2025-11-03T22:51:54.349Z,signal:1762210392048:yynyadncd,0194b473-2ab3-778f-89ee-236e803f3c8e,29
2025-11-03T22:52:34.419Z,signal:1762210431170:snpfffojn,0194b473-2ab3-778f-89ee-236e803f3c8e,34
2025-11-03T22:54:34.621Z,signal:1762210553045:7z02x8g6o,0194b473-2ab3-778f-89ee-236e803f3c8e,30
2025-11-03T22:55:14.673Z,signal:1762210591042:y88gopc32,0194b473-2ab3-778f-89ee-236e803f3c8e,11
2025-11-03T22:55:49.729Z,signal:1762210629067:ixgvnu3oe,0194b473-2ab3-778f-89ee-236e803f3c8e,24
2025-11-03T22:56:29.798Z,signal:1762210669206:ush0oa113,0194b473-2ab3-778f-89ee-236e803f3c8e,30
2025-11-03T22:57:09.834Z,signal:1762210706041:dupxu1nw8,0194b473-2ab3-778f-89ee-236e803f3c8e,4
2025-11-03T22:57:44.893Z,signal:1762210743069:tskie7j84,0194b473-2ab3-778f-89ee-236e803f3c8e,6
2025-11-03T22:58:19.943Z,signal:1762210779171:qeuzg7xw3,0194b473-2ab3-778f-89ee-236e803f3c8e,25
2025-11-03T22:58:59.986Z,signal:1762210818091:cojo1clko,0194b473-2ab3-778f-89ee-236e803f3c8e,35
2025-11-03T22:59:40.050Z,signal:1762210858208:x9cpx5cdi,0194b473-2ab3-778f-89ee-236e803f3c8e,29
2025-11-03T23:00:15.093Z,signal:1762210896064:5jtimeelv,0194b473-2ab3-778f-89ee-236e803f3c8e,3
2025-11-03T23:00:55.176Z,signal:1762210935071:bfgvyixhv,0194b473-2ab3-778f-89ee-236e803f3c8e,23
2025-11-03T23:01:30.234Z,signal:1762210971066:hx5x0c4ce,0194b473-2ab3-778f-89ee-236e803f3c8e,16
2025-11-03T23:02:05.291Z,signal:1762211006052:sogozzene,0194b473-2ab3-778f-89ee-236e803f3c8e,33
2025-11-03T23:02:45.347Z,signal:1762211046068:rs5my7b0l,0194b473-2ab3-778f-89ee-236e803f3c8e,21
2025-11-03T23:03:25.423Z,signal:1762211083097:lffnmbu61,0194b473-2ab3-778f-89ee-236e803f3c8e,16
2025-11-03T23:04:00.485Z,signal:1762211118182:5ywlvnss6,0194b473-2ab3-778f-89ee-236e803f3c8e,7
2025-11-03T23:04:40.544Z,signal:1762211157053:tzx83hetf,0194b473-2ab3-778f-89ee-236e803f3c8e,24
2025-11-03T23:05:15.580Z,signal:1762211196078:emu2ntzy1,0194b473-2ab3-778f-89ee-236e803f3c8e,20
2025-11-03T23:05:55.637Z,signal:1762211232851:g83bd8uqk,0194b473-2ab3-778f-89ee-236e803f3c8e,29
2025-11-03T23:06:35.699Z,signal:1762211273078:04mngycxb,0194b473-2ab3-778f-89ee-236e803f3c8e,26
2025-11-03T23:07:10.761Z,signal:1762211309171:xc8e45uwe,0194b473-2ab3-778f-89ee-236e803f3c8e,16
2025-11-03T23:07:45.820Z,signal:1762211345193:pe6axlzne,0194b473-2ab3-778f-89ee-236e803f3c8e,29
2025-11-03T23:08:20.878Z,signal:1762211378057:6ph7us2wj,0194b473-2ab3-778f-89ee-236e803f3c8e,23
2025-11-03T23:09:36.013Z,signal:1762211456102:l8gi56f1o,0194b473-2ab3-778f-89ee-236e803f3c8e,19
2025-11-03T23:10:16.074Z,signal:1762211497061:bayq5l4la,0194b473-2ab3-778f-89ee-236e803f3c8e,17
2025-11-03T23:10:56.128Z,signal:1762211536121:wcro1ep4z,0194b473-2ab3-778f-89ee-236e803f3c8e,20
2025-11-03T23:11:36.192Z,signal:1762211575070:eho86bhcq,0194b473-2ab3-778f-89ee-236e803f3c8e,19
2025-11-03T23:12:16.261Z,signal:1762211615131:y8krmpzrf,0194b473-2ab3-778f-89ee-236e803f3c8e,23
2025-11-03T23:12:56.330Z,signal:1762211655080:3ejmbasyy,0194b473-2ab3-778f-89ee-236e803f3c8e,10
2025-11-03T23:13:36.397Z,signal:1762211694088:r6m8xck63,0194b473-2ab3-778f-89ee-236e803f3c8e,0
2025-11-03T23:14:16.472Z,signal:1762211733043:2u4ldkvrf,0194b473-2ab3-778f-89ee-236e803f3c8e,13
2025-11-03T23:14:51.531Z,signal:1762211772028:k5sy4ubxz,0194b473-2ab3-778f-89ee-236e803f3c8e,33
2025-11-03T23:15:31.586Z,signal:1762211810049:0axyrwgby,0194b473-2ab3-778f-89ee-236e803f3c8e,22
2025-11-03T23:16:11.662Z,signal:1762211849073:bcly0mflu,0194b473-2ab3-778f-89ee-236e803f3c8e,6
2025-11-03T23:16:46.712Z,signal:1762211887092:7wal9r7zi,0194b473-2ab3-778f-89ee-236e803f3c8e,33
2025-11-03T23:17:26.769Z,signal:1762211927062:nmzrkijpe,0194b473-2ab3-778f-89ee-236e803f3c8e,16
2025-11-03T23:18:11.837Z,signal:1762211968058:l198a4mvs,0194b473-2ab3-778f-89ee-236e803f3c8e,35
2025-11-03T23:18:46.884Z,signal:1762212004827:612k8gaia,0194b473-2ab3-778f-89ee-236e803f3c8e,17
2025-11-03T23:19:26.965Z,signal:1762212043191:j28zqo8fm,0194b473-2ab3-778f-89ee-236e803f3c8e,7
2025-11-03T23:20:02.011Z,signal:1762212081073:vrqhvdjo7,0194b473-2ab3-778f-89ee-236e803f3c8e,27
2025-11-03T23:20:42.079Z,signal:1762212120068:g6m4rysa1,0194b473-2ab3-778f-89ee-236e803f3c8e,9
2025-11-03T23:21:17.118Z,signal:1762212158049:mjwfc482v,0194b473-2ab3-778f-89ee-236e803f3c8e,17
2025-11-03T23:21:57.184Z,signal:1762212196407:nf7f0sgvr,0194b473-2ab3-778f-89ee-236e803f3c8e,13
2025-11-03T23:22:37.280Z,signal:1762212234062:ogeh098wy,0194b473-2ab3-778f-89ee-236e803f3c8e,22
2025-11-03T23:23:12.323Z,signal:1762212273051:3cjyln22s,0194b473-2ab3-778f-89ee-236e803f3c8e,10
2025-11-03T23:23:52.387Z,signal:1762212313120:7dvt8he02,0194b473-2ab3-778f-89ee-236e803f3c8e,27
2025-11-03T23:24:32.446Z,signal:1762212350410:jqlh5hjoz,0194b473-2ab3-778f-89ee-236e803f3c8e,8
2025-11-03T23:25:12.509Z,signal:1762212389085:d3ugge25d,0194b473-2ab3-778f-89ee-236e803f3c8e,21
2025-11-03T23:25:47.566Z,signal:1762212428070:ymw2e8vxr,0194b473-2ab3-778f-89ee-236e803f3c8e,16
2025-11-03T23:26:27.623Z,signal:1762212468043:h9yrzxem3,0194b473-2ab3-778f-89ee-236e803f3c8e,26
2025-11-03T23:27:12.714Z,signal:1762212509090:tv6vs1bvb,0194b473-2ab3-778f-89ee-236e803f3c8e,17
2025-11-03T23:27:47.765Z,signal:1762212548500:cpfw9m8dc,0194b473-2ab3-778f-89ee-236e803f3c8e,16
2025-11-03T23:28:27.807Z,signal:1762212586049:m4nsfcv6u,0194b473-2ab3-778f-89ee-236e803f3c8e,27
2025-11-03T23:29:07.835Z,signal:1762212625063:6181bnkpo,0194b473-2ab3-778f-89ee-236e803f3c8e,10
2025-11-03T23:29:47.894Z,signal:1762212664079:tqh9alsqf,0194b473-2ab3-778f-89ee-236e803f3c8e,21
2025-11-03T23:30:27.956Z,signal:1762212704076:lhmchmu22,0194b473-2ab3-778f-89ee-236e803f3c8e,34
2025-11-03T23:31:03.032Z,signal:1762212742173:2nq3s0v06,0194b473-2ab3-778f-89ee-236e803f3c8e,14
2025-11-03T23:31:43.095Z,signal:1762212782080:gij9wegh3,0194b473-2ab3-778f-89ee-236e803f3c8e,8
2025-11-03T23:32:23.146Z,signal:1762212820082:oidgbfxfi,0194b473-2ab3-778f-89ee-236e803f3c8e,22
2025-11-03T23:32:58.210Z,signal:1762212859064:zg138x0fz,0194b473-2ab3-778f-89ee-236e803f3c8e,24
2025-11-03T23:33:38.258Z,signal:1762212899031:6sgbygfmw,0194b473-2ab3-778f-89ee-236e803f3c8e,24
2025-11-03T23:34:18.325Z,signal:1762212935220:lg7wb9wl8,0194b473-2ab3-778f-89ee-236e803f3c8e,15
2025-11-03T23:34:53.372Z,signal:1762212974095:2uexccb41,0194b473-2ab3-778f-89ee-236e803f3c8e,34
2025-11-03T23:35:33.398Z,signal:1762213013171:aid8yhi32,0194b473-2ab3-778f-89ee-236e803f3c8e,14
2025-11-03T23:36:13.449Z,signal:1762213052087:ufvvfybaf,0194b473-2ab3-778f-89ee-236e803f3c8e,6
2025-11-03T23:36:53.509Z,signal:1762213092043:a9byj9325,0194b473-2ab3-778f-89ee-236e803f3c8e,15
2025-11-03T23:37:33.583Z,signal:1762213130056:3suc290lt,0194b473-2ab3-778f-89ee-236e803f3c8e,15
2025-11-03T23:38:08.662Z,signal:1762213169076:gz6eqxw76,0194b473-2ab3-778f-89ee-236e803f3c8e,23
2025-11-03T23:38:48.737Z,signal:1762213207188:oedaaqltp,0194b473-2ab3-778f-89ee-236e803f3c8e,15
2025-11-03T23:39:28.814Z,signal:1762213247057:k5ietfn3y,0194b473-2ab3-778f-89ee-236e803f3c8e,15
2025-11-03T23:40:03.868Z,signal:1762213284159:ff3aui1qu,0194b473-2ab3-778f-89ee-236e803f3c8e,15
2025-11-03T23:40:43.932Z,signal:1762213321200:1ftzb7ckf,0194b473-2ab3-778f-89ee-236e803f3c8e,6
2025-11-03T23:41:23.993Z,signal:1762213360804:fbd1zhhok,0194b473-2ab3-778f-89ee-236e803f3c8e,14
2025-11-03T23:41:59.016Z,signal:1762213400059:mykwtg737,0194b473-2ab3-778f-89ee-236e803f3c8e,21
2025-11-03T23:42:39.076Z,signal:1762213437059:3f9hnv7mb,0194b473-2ab3-778f-89ee-236e803f3c8e,19
2025-11-03T23:43:19.138Z,signal:1762213477041:cbwdenoyz,0194b473-2ab3-778f-89ee-236e803f3c8e,21
2025-11-03T23:43:54.197Z,signal:1762213515205:vkdpzxh1e,0194b473-2ab3-778f-89ee-236e803f3c8e,15
2025-11-03T23:44:34.251Z,signal:1762213554058:b3idnjwlw,0194b473-2ab3-778f-89ee-236e803f3c8e,20
2025-11-03T23:45:14.293Z,signal:1762213592118:smns7w94w,0194b473-2ab3-778f-89ee-236e803f3c8e,35
2025-11-03T23:45:54.368Z,signal:1762213632081:853kjngjl,0194b473-2ab3-778f-89ee-236e803f3c8e,22
2025-11-03T23:46:34.432Z,signal:1762213671062:1406zxs6m,0194b473-2ab3-778f-89ee-236e803f3c8e,15
2025-11-03T23:47:09.489Z,signal:1762213710045:wrk8dm623,0194b473-2ab3-778f-89ee-236e803f3c8e,26
2025-11-03T23:47:49.564Z,signal:1762213746158:iot70h9l1,0194b473-2ab3-778f-89ee-236e803f3c8e,0
2025-11-03T23:48:24.634Z,signal:1762213784062:pdwmq6imu,0194b473-2ab3-778f-89ee-236e803f3c8e,21
2025-11-03T23:49:04.718Z,signal:1762213822041:ohmr4i6ny,0194b473-2ab3-778f-89ee-236e803f3c8e,19
2025-11-03T23:49:39.782Z,signal:1762213859086:r29lyqmbb,0194b473-2ab3-778f-89ee-236e803f3c8e,12
2025-11-03T23:50:19.859Z,signal:1762213897059:oed75hwsq,0194b473-2ab3-778f-89ee-236e803f3c8e,21
2025-11-03T23:50:54.882Z,signal:1762213934196:aehdqvtc2,0194b473-2ab3-778f-89ee-236e803f3c8e,1
2025-11-03T23:51:34.946Z,signal:1762213973057:65eq6ogwb,0194b473-2ab3-778f-89ee-236e803f3c8e,7
2025-11-03T23:52:15.012Z,signal:1762214011058:9luppxnml,0194b473-2ab3-778f-89ee-236e803f3c8e,32
2025-11-03T23:52:50.072Z,signal:1762214050039:zxeafn4f0,0194b473-2ab3-778f-89ee-236e803f3c8e,34
2025-11-03T23:53:30.129Z,signal:1762214090036:xmpr50br8,0194b473-2ab3-778f-89ee-236e803f3c8e,34
2025-11-03T23:54:10.200Z,signal:1762214128072:a5mjyexzw,0194b473-2ab3-778f-89ee-236e803f3c8e,21
2025-11-03T23:54:45.235Z,signal:1762214166054:31thdfxdc,0194b473-2ab3-778f-89ee-236e803f3c8e,12
2025-11-03T23:55:20.296Z,signal:1762214201038:95p4wz5u2,0194b473-2ab3-778f-89ee-236e803f3c8e,19
2025-11-03T23:56:00.354Z,signal:1762214240047:lcggw95wo,0194b473-2ab3-778f-89ee-236e803f3c8e,15
2025-11-03T23:56:35.401Z,signal:1762214276211:5t97qolka,0194b473-2ab3-778f-89ee-236e803f3c8e,19
2025-11-03T23:57:15.459Z,signal:1762214316057:0jlb2vzro,0194b473-2ab3-778f-89ee-236e803f3c8e,26
2025-11-03T23:57:55.533Z,signal:1762214353035:6uy03ywk2,0194b473-2ab3-778f-89ee-236e803f3c8e,33
2025-11-03T23:58:35.612Z,signal:1762214392044:cqjg7jo1a,0194b473-2ab3-778f-89ee-236e803f3c8e,10
2025-11-03T23:59:10.645Z,signal:1762214431083:v5zvlasui,0194b473-2ab3-778f-89ee-236e803f3c8e,31
2025-11-03T23:59:50.722Z,signal:1762214471105:rsjkve5cf,0194b473-2ab3-778f-89ee-236e803f3c8e,12
2025-11-04T00:00:30.783Z,signal:1762214509065:bi82c2ffm,0194b473-2ab3-778f-89ee-236e803f3c8e,14
2025-11-04T00:01:10.832Z,signal:1762214548081:2cwkayqkn,0194b473-2ab3-778f-89ee-236e803f3c8e,17
2025-11-04T00:01:45.871Z,signal:1762214586083:qz1nksxjo,0194b473-2ab3-778f-89ee-236e803f3c8e,34
2025-11-04T00:02:25.931Z,signal:1762214624206:aud7m5sxk,0194b473-2ab3-778f-89ee-236e803f3c8e,19
2025-11-04T00:03:00.982Z,signal:1762214661066:1ytfekq4b,0194b473-2ab3-778f-89ee-236e803f3c8e,23
2025-11-04T00:03:41.064Z,signal:1762214699053:bt3xveost,0194b473-2ab3-778f-89ee-236e803f3c8e,6
2025-11-04T00:04:16.126Z,signal:1762214736814:uvegasl7b,0194b473-2ab3-778f-89ee-236e803f3c8e,21
2025-11-04T00:04:56.192Z,signal:1762214776428:p4p3k80o7,0194b473-2ab3-778f-89ee-236e803f3c8e,25
2025-11-04T00:05:36.232Z,signal:1762214816051:l6j9unp3m,0194b473-2ab3-778f-89ee-236e803f3c8e,12
2025-11-04T00:06:16.286Z,signal:1762214854923:fktsc3fc6,0194b473-2ab3-778f-89ee-236e803f3c8e,19
2025-11-04T00:06:56.342Z,signal:1762214893337:n7fwxp6eh,0194b473-2ab3-778f-89ee-236e803f3c8e,19
2025-11-04T00:07:36.398Z,signal:1762214932799:6nezibllp,0194b473-2ab3-778f-89ee-236e803f3c8e,2
2025-11-04T00:08:31.448Z,signal:1762214989069:6j5lknn6j,0194b473-2ab3-778f-89ee-236e803f3c8e,18
2025-11-04T00:09:11.471Z,signal:1762215029089:wkhp8uzgg,0194b473-2ab3-778f-89ee-236e803f3c8e,14
2025-11-04T00:09:46.534Z,signal:1762215065071:w0dh5ib3b,0194b473-2ab3-778f-89ee-236e803f3c8e,29
2025-11-04T00:10:26.595Z,signal:1762215103062:zljvzdmb6,0194b473-2ab3-778f-89ee-236e803f3c8e,11
2025-11-04T00:10:56.625Z,signal:1762215137039:5tvld14m7,0194b473-2ab3-778f-89ee-236e803f3c8e,32
2025-11-04T00:11:36.700Z,signal:1762215174068:v7tqsgf2t,0194b473-2ab3-778f-89ee-236e803f3c8e,30
2025-11-04T00:12:16.756Z,signal:1762215213083:qvv43noob,0194b473-2ab3-778f-89ee-236e803f3c8e,27
2025-11-04T00:12:56.800Z,signal:1762215253987:tstcalv52,0194b473-2ab3-778f-89ee-236e803f3c8e,15
2025-11-04T00:13:31.873Z,signal:1762215291163:ggncozp1e,0194b473-2ab3-778f-89ee-236e803f3c8e,6
2025-11-04T00:14:06.911Z,signal:1762215326579:e3uuc6mxu,0194b473-2ab3-778f-89ee-236e803f3c8e,20
2025-11-04T00:14:41.965Z,signal:1762215361075:8oas7a01h,0194b473-2ab3-778f-89ee-236e803f3c8e,25
2025-11-04T00:15:17.022Z,signal:1762215395052:bfalhzt2w,0194b473-2ab3-778f-89ee-236e803f3c8e,14
2025-11-04T00:15:52.070Z,signal:1762215432053:3qn5oittg,0194b473-2ab3-778f-89ee-236e803f3c8e,13
2025-11-04T00:16:32.118Z,signal:1762215468180:986qug055,0194b473-2ab3-778f-89ee-236e803f3c8e,23
2025-11-04T00:17:02.164Z,signal:1762215503073:39j00gdj2,0194b473-2ab3-778f-89ee-236e803f3c8e,15
2025-11-04T00:17:42.230Z,signal:1762215541954:x7ouwhrzc,0194b473-2ab3-778f-89ee-236e803f3c8e,6
2025-11-04T00:18:17.276Z,signal:1762215577426:ehvxllxp6,0194b473-2ab3-778f-89ee-236e803f3c8e,33
2025-11-04T00:18:57.354Z,signal:1762215614214:k6ov107i7,0194b473-2ab3-778f-89ee-236e803f3c8e,3
2025-11-04T00:19:32.388Z,signal:1762215652038:kihz5ob0s,0194b473-2ab3-778f-89ee-236e803f3c8e,20
2025-11-04T00:20:07.444Z,signal:1762215686229:6l3unjj40,0194b473-2ab3-778f-89ee-236e803f3c8e,13
2025-11-04T00:20:42.486Z,signal:1762215721072:maixxvjd4,0194b473-2ab3-778f-89ee-236e803f3c8e,17
2025-11-04T00:21:17.562Z,signal:1762215757085:jsc2pswxn,0194b473-2ab3-778f-89ee-236e803f3c8e,13
2025-11-04T00:21:57.619Z,signal:1762215795075:4i8pud5eb,0194b473-2ab3-778f-89ee-236e803f3c8e,9
2025-11-04T00:22:32.686Z,signal:1762215833045:iko7pak2i,0194b473-2ab3-778f-89ee-236e803f3c8e,36
2025-11-04T00:23:07.745Z,signal:1762215865797:rqogtqm85,0194b473-2ab3-778f-89ee-236e803f3c8e,36
2025-11-04T00:23:42.780Z,signal:1762215903035:gyav3fhp3,0194b473-2ab3-778f-89ee-236e803f3c8e,16
2025-11-04T00:24:22.820Z,signal:1762215942051:bk7q82s5b,0194b473-2ab3-778f-89ee-236e803f3c8e,17
2025-11-04T00:25:02.878Z,signal:1762215980115:y94audqks,0194b473-2ab3-778f-89ee-236e803f3c8e,9
2025-11-04T00:25:37.948Z,signal:1762216018098:85ou3y4o8,0194b473-2ab3-778f-89ee-236e803f3c8e,35
2025-11-04T00:26:18.011Z,signal:1762216054796:rk82m17nq,0194b473-2ab3-778f-89ee-236e803f3c8e,18
2025-11-04T00:26:53.060Z,signal:1762216092073:zpadh284f,0194b473-2ab3-778f-89ee-236e803f3c8e,32
2025-11-04T00:27:33.121Z,signal:1762216132062:vbnjg6ewf,0194b473-2ab3-778f-89ee-236e803f3c8e,6
